competitor_product_id,competitor,matched_ibuyflowers,matched_variety
2160538,Achillea,Null,Null
2160540,Alstroemeria Assorted,Alstroemeria Assorted Mixed,c93bbc06-a172-494d-b352-4ad50f082de1
2160542,Alstroemeria Hot Pink,Alstroemeria Hot Pink,f3b59026-24b4-441c-acb9-fece0736e3b9
2160544,Alstroemeria Lavender,Alstroemeria Lavender,766d1c52-bd9e-433d-8ad2-568178b0db70
2160546,Alstroemeria Orange Queen,Alstroemeria Orange Queen,1b2ec8fb-dfa1-4f37-bce5-76139ece8e24
2160548,Alstroemeria Prima Donna,Alstroemeria Pink Primadonna,28dd0db2-a9c8-40d4-8a08-b7665a4dc6c2
2160550,Alstroemeria Purple,Alstroemeria Purple,f5f2fc30-8431-4fe0-bd58-85f90b087d37
2160552,Alstroemeria Red,Alstroemeria Red,5c0e43f6-cd85-41ac-9651-17f66283d1e6
2160554,Alstroemeria White,Alstroemeria White,e500d7b6-a2a1-4965-aabe-f5170b5f64ad
2160556,Alstroemeria Yellow,Alstroemeria Yellow,14ce1ae8-7875-4016-b334-81ae322fbe10
2160558,Amaranthus Hanging Assorted,Amaranthus Hanging Pink Red,ac7dc5a8-e6bf-4940-85e2-81eeaeeb7722
2160560,Amaranthus Hanging Green,Amaranthus Green Hanging,a035bd55-23af-4c21-83b0-baef07669984
2160562,Amaranthus Hanging Red,Amaranthus Hanging Pink Red,ac7dc5a8-e6bf-4940-85e2-81eeaeeb7722
2160564,Anemone Assorted,Anemone Assorted Mixed Seasonal,71736aec-be6d-4714-bf80-1bdbcca274ff
2160566,Anemone Blush,Anemone Blush Mistral Plus White,33f2d0fc-0785-4be1-8e77-913eb1f797a2
2236674,Anemone Burgundy,Null,Null
2160568,Anemone Hot Pink,Anemone Hot Pink,a88a8f72-1929-40d5-a506-817d915d5c6f
2236623,Anemone Levante Blue,Anemone Levante Pale White,ffc0601b-7333-4cf5-aa46-9467eab62779
2236627,Anemone Levante Hot Pink,Anemone Levante Pink,2f1f64a4-32e7-44b8-a036-82c5d342b596
2236625,Anemone Levante Pink,Anemone Levante Pink,2f1f64a4-32e7-44b8-a036-82c5d342b596
2236626,Anemone Levante Red,Anemone Levante Red,af6f8eab-8e58-49d5-a47f-82fd8ea22cfc
2236624,Anemone Levante White,Anemone Levante Pale White,ffc0601b-7333-4cf5-aa46-9467eab62779
2160570,Anemone Marianne Panda,Anemone Blush Marianne Panda,10f4a9a5-4b05-47b1-8c32-0ee8a250f3b9
2160572,Anemone Novelty Purple,Null,Null
2160574,Anemone Red,Anemone Red,f94664ba-fd1a-4c84-af02-92761b5d6451
2160576,Anemone Wine Red,Anemone Bordeaux,7126855a-647f-46b3-af45-c58b3388ee9f
2162219,Aralia Ex,Aralia Fatsia Green Japonica,6dced6e8-cbf2-4794-8a75-1773a4d077a5
2162220,Aralia I,Aralia I,Null
2162221,Aralia Ii,Aralia Fatsia Green Japonica,6dced6e8-cbf2-4794-8a75-1773a4d077a5
2162222,Aralia Iii,Aralia Fatsia Green Japonica,6dced6e8-cbf2-4794-8a75-1773a4d077a5
2162223,Aralia Iv,Aralia Fatsia Green Japonica,6dced6e8-cbf2-4794-8a75-1773a4d077a5
2162218,Aralia Super,Aralia Green Large,2dae1f7e-b5f8-4b5d-b63a-f555629cd0d1
2177154,Aranthera Anne Black,Null,Null
2177155,Aranthera Azimah,Null,Null
2177156,Aranthera Jame Red,Anthurium Red Tropical,0f0ad894-3000-433e-b138-ba16f68bcba3
2177157,Aranthera Magie Oie,Null,Null
2162224,Aspidistria,Null,Null
2162230,Aspidistria,Null,Null
2162229,Aspidistria,Null,Null
2162228,Aspidistria,Null,Null
2162227,Aspidistria,Null,Null
2162226,Aspidistria,Null,Null
2162225,Aspidistria,Null,Null
2160614,Aster Matsumoto Hot Pink,Aster Matsumoto Pink,767c14cc-0bf0-48c1-92ff-ce47d2e98a52
2160616,Aster Matsumoto Pink,Aster Matsumoto Pink,767c14cc-0bf0-48c1-92ff-ce47d2e98a52
2160618,Aster Pink,Aster Matsumoto Pink,767c14cc-0bf0-48c1-92ff-ce47d2e98a52
2160620,Aster Purple,Aster Purple Sungal,86be0e0b-0dd2-4916-8725-cc78e0141c6f
2160622,Aster Solidago,Aster Solidago Yellow,68f17b17-2f71-48e6-af9c-8a4f5fe850e0
2160624,Aster White,Aster Symphony White,763b445d-260c-4812-8033-af8535c06381
2261200,Bird Of Paradise,Birds Of Orange Paradise Strelitzia,441361b3-347d-4e8e-bddd-a49a188c45ad
2163740,Bouquet Medium Confeti,Null,Null
2163742,Bouquet Medium Lua Pink,Null,Null
2163744,Bouquet Medium Maui,Null,Null
2163746,Bouquet Medium Parrot,Parrot Super Tulips White,c534ea50-60d8-4ecc-b904-a5b2f9ab2a6b
2163748,Bouquet Medium Rainbow,Null,Null
2160626,Brassica Assorted,Null,Null
2160628,Brassica Lavender Crane,Crane Kale Lavender,4744b51a-16ef-4c05-abf5-8ec60aaf58da
2160630,Brassica Red Crane,Crane Cream Kale,ce42e837-38cd-4a47-b708-a0483ecfb16f
2160632,Brassica White Crane,Crane Cream Kale,ce42e837-38cd-4a47-b708-a0483ecfb16f
2160634,Callas Alegria,Null,Null
2160636,Callas Aspen,Null,Null
2160638,Callas Aspen Blush,Null,Null
2160640,Callas Assorted,Assorted Calla Mini Mixed,cf6bb0ff-f433-4341-833a-e0d50faa64bf
2161245,Callas Assorted,Assorted Calla Mini Mixed,cf6bb0ff-f433-4341-833a-e0d50faa64bf
2160642,Callas Black Forest,Null,Null
2160644,Callas Boutonniere,Calla's White,3a1cb51b-0f27-4ac9-ba38-1243ba2e897c
2160646,Callas Bridesmaid Bouquets,Bridesmaid Calla Mini White,28f494a5-89f7-46ee-98c9-3e7a2e34a756
2160648,Callas Calla Leaves,Null,Null
2160650,Callas Cascade Bouquet Open Cut,Null,Null
2160652,Callas Cranberry,Burgundy Calla Cranberry Mini,09fd5eea-d4e2-4507-aec6-8795b07613c7
2160654,Callas Crystal Blush,Calla Crystal Mini White,6181b7a1-ba55-498b-970f-e7be621f56fc
2160656,Callas Crystal Pink,Null,Null
2160658,Callas Crystal White,Calla Crystal Mini White,6181b7a1-ba55-498b-970f-e7be621f56fc
2160660,Callas Dark Captain Romance,Calla's Captain Pink Romance,c4fc0cd4-b405-44ea-bb9b-145df6df9ed6
2160662,Callas Dark Schwarzwalder,Null,Null
2160664,Callas Denver,Null,Null
2160666,Callas Fantasia,Null,Null
2160668,Callas Flame,Null,Null
2160670,Callas Florex Gold,Null,Null
2160672,Callas Gran Paradiso,Calla Gran Mini Orange Paradiso,0d0791cc-05f8-4eab-bfca-c42c6aefc8cf
2160674,Callas Hawaiian Papaya,Null,Null
2160676,Callas Open Ccut,Calla's Cut Natural Open White,97871982-673d-443f-8dc5-10b2f9e1e84d
2160678,Callas Paco,Calla Mini Paco Purple,182072bd-c8f7-4d4c-8c27-f666ecdb0db8
2160680,Callas Perle Rose,Calla Mini Perla Pink Rose,578b1aba-c486-4e1d-9877-914485e61470
2160682,Callas Picasso,Calla Mini Picasso Purple,6ab4e7dc-8828-40c3-b46f-2a9ca44f76e0
2160684,Callas Pink Panther,Null,Null
2160686,Callas Purple Star,Null,Null
2160688,Callas Raspberry,Null,Null
2160690,Callas Red Aranal,Null,Null
2160692,Callas Rubylite Rose,Null,Null
2160694,Callas Schwarzwalder,Null,Null
2160696,Callas Siamese Calla,Null,Null
2160698,Callas Strauss,Null,Null
2160700,Callas Tequila Sunrise,Calla Mini Sunrise Tequila Yellow,0b1b98ac-ebbe-414c-bcd4-58e54ec95eca
2160702,Carnation Antigua Fancy,Antigua Carnation Pink,e493d98f-aed8-4d17-9e1b-06ffdf99ff37
2192246,Carnation Apple Tea,Apple Carnation Salmon Tea,eb7a11d5-c238-4d02-9a9d-5cf51790998a
2160704,Carnation Assorted Fancy,Assorted Carnation Mixed Specialty,6a7ddd14-19f6-485c-90cc-813ea14f9487
2192254,Carnation Ayame,Null,Null
2160706,Carnation Burgundy Fancy,Burgundy Carnation Zurigo,6842cf5e-5e8b-47fa-9eaa-d31546c0b515
2192251,Carnation Cheerio,Carnation Cheerio Pink,65f0e354-0d0b-4923-941f-3cd88080f4ea
2160708,Carnation Cream Fancy,Carnation Cream Trendy,5002a33f-585f-41c6-9c81-18b3884f9c24
2160710,Carnation Dark Pink Fancy,Null,Null
2192237,Carnation Fabulous,Null,Null
2192249,Carnation Farida,Carnation Farida Lavender,9543b07a-1958-4fb1-b397-d2d95adbd3e8
2192253,Carnation Fiesta Komachi,Carnation Komachi Pink,c12fdaaf-a7ad-4b88-9489-f6912edf061f
2220930,Carnation Fiesta Komachi,Carnation Komachi Pink,c12fdaaf-a7ad-4b88-9489-f6912edf061f
2160712,Carnation Green Fancy,Carnation Green,aac3938f-2de1-4f73-945b-ad9dca027473
2160714,Carnation Hot Pink Fancy,Carnation Hot Pink,e3a3412a-6db4-4f05-8139-78436cf8de20
2192247,Carnation Illusion,Null,Null
2192239,Carnation Lege Marrone,Carnation Lege Marrone Pink,17d100cb-9735-4ded-8147-c2ca48d20838
2192244,Carnation Megan,Carnation Megane Orange,997bb63c-09a0-4ba3-8524-9aaf3b129b2e
2192250,Carnation Minerva,Null,Null
2160716,Carnation Mini Assorted,Berry Carnation Mini Purple Spray,a310eb2e-172e-445f-afef-5891705af9b8
2160718,Carnation Mini Cream,Carnation Cream Mini Spray,4680589e-4077-45e0-980f-eaac00f5e7e5
2160720,Carnation Mini Green,Carnation Green Jade Mini Spray,01242e9b-3ce2-409d-9280-ea8652ed0dcb
2160722,Carnation Mini Hot Pink,Carnation Mini Pink Spray,fb9ac752-718a-4e47-b1e1-f3b0c8767ceb
2160724,Carnation Mini Lavender,Carnation Mini Purple Spray,aed7af48-92aa-4224-8dd2-1c2915b33d04
2160726,Carnation Mini Light Pink,Carnation Mini Pink Spray,fb9ac752-718a-4e47-b1e1-f3b0c8767ceb
2160728,Carnation Mini Lilac,Carnation Mini Purple Spray,aed7af48-92aa-4224-8dd2-1c2915b33d04
2160730,Carnation Mini Moon Series,Carnation Mini Moon Purple Spray Velvet,0ec23b55-fbab-4f5a-85d4-c9c063553631
2160732,Carnation Mini Novelty,Assorted Carnation Mixed Novelty,662d86f9-a874-4d93-9bf0-26021fe24294
2160734,Carnation Mini Orange,Carnation Mini Orange Spray,b59a43f5-e6e3-4d35-878e-06a6efe6c702
2160736,Carnation Mini Peach,Carnation Mini Peach Spray,5de9e8a5-4ed4-4767-9c60-e7c2b5b25ba3
2160738,Carnation Mini Pink,Carnation Mini Pink Spray,fb9ac752-718a-4e47-b1e1-f3b0c8767ceb
2160740,Carnation Mini Purple,Carnation Mini Purple Spray,aed7af48-92aa-4224-8dd2-1c2915b33d04
2160742,Carnation Mini Red,Carnation Mini Red Spray,10b23582-414f-43e2-bb8e-e34d3a3d9b26
2160744,Carnation Mini White,Carnation Mini Spray White,b9a8b807-6771-4f5d-bd00-e4984e08cf3b
2160746,Carnation Mini Yellow,Carnation Mini Spray Yellow,a89a5ffd-f1a4-4d0e-a59f-e3de4a2db5e0
2161251,Carnation Moon Series Assorted,Null,Null
2160748,Carnation Moonaqua,Null,Null
2160750,Carnation Moonshade,Carnation Light Moon White,342a64ae-407a-476b-8d21-0ef98fcd7bc8
2192241,Carnation Moonshade,Carnation Light Moon White,342a64ae-407a-476b-8d21-0ef98fcd7bc8
2192243,Carnation Nobbio,Carnation Nobbio Violet,863702ac-82b2-4f12-a228-18602a64b1ec
2160752,Carnation Novelty Fancy,Null,Null
2160754,Carnation Orange Fancy,Carnation Orange,a1a3331a-c01c-4f0d-96b6-aafc9c1d6916
2160756,Carnation Peach Fancy,Carnation Peach,7930d085-6b9d-4ed5-9ea4-30b0e9367ffd
2192242,Carnation Peppermint,Carnation Peppermint,92b0e80d-9e76-44fd-9ddc-6d09c4d7d258
2160758,Carnation Pink Fancy,Carnation Pink,099afe34-5d77-4e3d-ad1b-9de715fb92cd
2192248,Carnation Prado,Null,Null
2160760,Carnation Purple Fancy,Carnation Purple,fb8b6922-4224-411c-9394-af6158a59086
2160762,Carnation Red Fancy,Carnation Daniko Red,f3a8ae3a-cbf3-437d-9246-a6cc84d67593
2192245,Carnation Rodas,Carnation Cream Rodas,7bc4524d-03a3-4686-a110-837f67016bc2
2192252,Carnation Viana,Carnation Viana Yellow,d4b3d8aa-c1d5-4249-b613-6c227b359844
2192238,Carnation Vintage Copper,Null,Null
2160764,Carnation Vintage Mix Fancy,Null,Null
2160766,Carnation White Fancy,Carnation White,091560ba-78a3-4c6c-b0f6-3729d9a26b38
2160768,Carnation Yellow Fancy,Carnation Yellow,7d5112c6-516a-44b4-bcb6-e2e6331ca10f
2162243,Cinerea Metal Copper 150 Green,Cinerea Eucalyptus Green,479ef914-9b6e-41e4-b4b6-97ec0f0215a9
2162241,Cinerea Metal Gold 150 Green,Cinerea Eucalyptus Green,479ef914-9b6e-41e4-b4b6-97ec0f0215a9
2162244,Cinerea Metal Red 150 Green,Cinerea Eucalyptus Green,479ef914-9b6e-41e4-b4b6-97ec0f0215a9
2162242,Cinerea Metal Silver 150 Green,Cinerea Eucalyptus Green,479ef914-9b6e-41e4-b4b6-97ec0f0215a9
2162245,Cinerea Silver 150 Green,Cinerea Eucalyptus Green,479ef914-9b6e-41e4-b4b6-97ec0f0215a9
2227852,Cremon Peach,Carnation Creta Peach,8a8fee07-6ce7-49c2-957b-0a0c333c8d2e
2161273,Curly Willow Tips,Curly Green Tips Willow,Null
2163478,Dahlia Amora,Null,Null
2163504,Dahlia Assorted,Null,Null
2163480,Dahlia Caf√© Aulait,Au Cafe Cream Dahlias Lait,5171df9b-74ec-417b-b459-ff2277340a33
2163482,Dahlia Fox Maroon,Null,Null
2163484,Dahlia Fox Orange,Null,Null
2163486,Dahlia Garnet,Null,Null
2163488,Dahlia Karma Chocolate,Null,Null
2163492,Dahlia Karma Corona,Null,Null
2163490,Dahlia Karma Corona Pink,Null,Null
2163494,Dahlia Moon Stone,Null,Null
2163496,Dahlia Moonlady,Null,Null
2163498,Dahlia Orange Quartz,Ball Dahlias Orange Type,d18c762f-528b-4181-8b0a-c7294dc40c65
2163500,Dahlia Pink Quartz,Dahlias Hybrid Pink Quartz,62edf3f4-0901-4c53-821e-a89d7dee9888
2163502,Dahlia Prospero,Null,Null
2161195,Delphinium Assorted,Assorted Delphinium Mixed,39dc2731-1f59-48bc-811a-8dde047f5451
2161197,Delphinium Dark Blue,Blue Dark Delphinium,b1510fe4-dd63-4af8-8344-4776d9b44af2
2161464,Delphinium Elatum Manuela,Null,Null
2148562,Delphinium Sea Waltz Dark Blue,Blue Delphinium Sea Waltz,8e7c3944-669a-4f12-b579-21b9f6277502
2148563,Delphinium Sea Waltz Light Blue,Blue Delphinium Sea Waltz,8e7c3944-669a-4f12-b579-21b9f6277502
2271877,Delphinium Sea Waltz White,Blue Delphinium Sea Waltz,8e7c3944-669a-4f12-b579-21b9f6277502
2161199,Delphinium White,Delphinium Hybrid White,88f3b515-a55b-4f00-9c17-a84d774209d4
2177158,Dendrobium 5N,Null,Null
2177159,Dendrobium Anna,Null,Null
2177160,Dendrobium Apple Green,Null,Null
2177161,Dendrobium Arika,Null,Null
2177164,Dendrobium Beauty Pink,Null,Null
2177162,Dendrobium Bella Purple,Null,Null
2177163,Dendrobium Big Pink,Null,Null
2177165,Dendrobium Big White Jumbo Blue,Null,Null
2177166,Dendrobium Big White Jumbo Green,Null,Null
2177167,Dendrobium Big White Jumbo Red,Null,Null
2177168,Dendrobium Big White Jumbo Yellow,Null,Null
2177169,Dendrobium Burana Jade,Dendrobium Green Hybrid Jade Siam,f093ff7b-6aca-440c-ad6b-47a2a18bdab9
2177170,Dendrobium Butterfly,Null,Null
2177171,Dendrobium Chalerm Porn,Null,Null
2177172,Dendrobium Charak Red,Null,Null
2177173,Dendrobium Chid Chom,Null,Null
2177175,Dendrobium Dahila Pink,Null,Null
2177174,Dendrobium Diana Green,Dendrobium Diana Hybrid White,5eabad3a-d399-4e82-bc83-8c27c7341ab8
2177176,Dendrobium Jinda Sweet,Dendrobium Jinda Pink Sweet,e4409602-3ade-4681-8d3b-2f67dcdc10f8
2177177,Dendrobium Juree Red,Null,Null
2177178,Dendrobium Kamila,Null,Null
2177180,Dendrobium Kathy Pink,Null,Null
2177179,Dendrobium King Dragon,Null,Null
2177181,Dendrobium Lervia,Null,Null
2177183,Dendrobium Lovely Pink,Null,Null
2177184,Dendrobium Lucy Pink,Null,Null
2177185,Dendrobium Madam,Null,Null
2177187,Dendrobium Mali White,Null,Null
2177188,Dendrobium Mary Red,Null,Null
2177197,Dendrobium Metas Red,Null,Null
2177186,Dendrobium Micky Pink,Null,Null
2177189,Dendrobium Miss Pink,Null,Null
2177190,Dendrobium Miss Teen,Null,Null
2177191,Dendrobium Miss Teen Blue,Null,Null
2177192,Dendrobium Miss Teen Green,Null,Null
2177193,Dendrobium Miss Teen Red,Null,Null
2177194,Dendrobium Miss Teen Yellow,Null,Null
2177195,Dendrobium Miss World,Null,Null
2177196,Dendrobium Morning Pink,Null,Null
2177199,Dendrobium Nature White,Dendrobium White,9debc2a6-049c-47ad-a9c0-7adf52562902
2177200,Dendrobium New Wasana,Null,Null
2177198,Dendrobium Nopporn Pink,Null,Null
2177201,Dendrobium Pennapha,Null,Null
2177202,Dendrobium Pramote,Null,Null
2177203,Dendrobium Purple Joe,Null,Null
2177204,Dendrobium Queen Pink,Null,Null
2177205,Dendrobium Rainy Pink,Null,Null
2177206,Dendrobium Red Bull,Null,Null
2177207,Dendrobium Red Sonia,Blue Dendrobium Red Sonia,463e5281-a460-4b98-b018-61ce856d6b3c
2177208,Dendrobium Red Sonia Blue,Blue Dendrobium Red Sonia,463e5281-a460-4b98-b018-61ce856d6b3c
2177209,Dendrobium Red Sonia Green,Blue Dendrobium Red Sonia,463e5281-a460-4b98-b018-61ce856d6b3c
2177210,Dendrobium Red Sonia Red,Blue Dendrobium Red Sonia,463e5281-a460-4b98-b018-61ce856d6b3c
2177211,Dendrobium Red Sonia Yellow,Blue Dendrobium Red Sonia,463e5281-a460-4b98-b018-61ce856d6b3c
2177212,Dendrobium Rosy Red,Null,Null
2177213,Dendrobium Sakura,Dendrobium Pink Sakura,93a66cad-93ee-4b8c-af58-31a3db7a2f39
2177214,Dendrobium Sanan,Null,Null
2177216,Dendrobium Starlight,Null,Null
2177215,Dendrobium Sugar Pink,Null,Null
2177217,Dendrobium Supinya,Null,Null
2177218,Dendrobium Suree Peach,Null,Null
2177220,Dendrobium Tawan Pink,Null,Null
2177221,Dendrobium Twotone,Null,Null
2177222,Dendrobium Vailai,Null,Null
2177219,Dendrobium Vailai Jinda,Dendrobium Jinda Pink Sweet,e4409602-3ade-4681-8d3b-2f67dcdc10f8
2177223,Dendrobium Ying Pink,Null,Null
2161201,Dianthus Green Wicky,Dianthus Green Wicky,13318cc5-9cdf-4821-a8c7-2a5b37c5069c
2160770,Disbuds Cremon Assorted,Assorted Chrysanthemum Cremon Disbuds/ Everyday Mixed Mums,3a04c553-00b8-4b3d-abda-d41bdd80406b
2160772,Disbuds Cremon Bronze,Bronze Chrysanthemum Cremon Disbuds/ Mums,638c16b0-393c-4142-afaf-e556b6a0e522
2160774,Disbuds Cremon Green,Chrysanthemum Cremon Disbuds/ Green Mums,0caba4f4-49ec-4ef1-b62a-d9213a633b4b
2160776,Disbuds Cremon Pink,Chrysanthemum Cremon Disbuds/ Mums Pink,e6e3efbb-0c50-45b2-8477-d7460e019b91
2160778,Disbuds Cremon Purple,Chrysanthemum Cremon Disbuds/ Mums Purple,a7642935-aa1f-473e-a268-6d2e51e41990
2160780,Disbuds Cremon Red,Chrysanthemum Cremon Disbuds/ Mums Red,113d7a1c-1e81-4031-bbd9-9e78177ca66d
2160782,Disbuds Cremon Red Morgan,Chrysanthemum Cremon Disbuds/ Morgan Mums Red,8ea60465-b78c-4643-be8a-beb6ec30c776
2160784,Disbuds Cremon Virginia,Chrysanthemum Cremon Disbuds/ Mums Red Virginia,c79042d8-dda9-424d-b10b-f8bc59cdc220
2160786,Disbuds Cremon White,Chrysanthemum Cremon Disbuds/ Mums White,45a378e6-4319-413f-9fa2-4dce02b62562
2160788,Disbuds Cremon Yellow,Chrysanthemum Cremon Disbuds/ Mums Yellow,83ddd51b-1f83-412c-a4c5-709983c59b40
2161077,Disbuds Spider Anastasia Green,Null,Null
2161079,Disbuds Spider Assorted,Assorted Chrysanthemum Day Disbuds/ Mixed Mothers Mums Spider,3890f866-ba1b-466d-917c-3924206dcb00
2161081,Disbuds Spider Dark Green,Chrysanthemum Dark Disbuds/ Green Mums Spider,1aa792a3-9ad5-4cbe-8a68-69ef631704fa
2161083,Disbuds Spider Lavender,Chrysanthemum Disbuds/ Lavender Lilac Mums Spider,4cc32f10-129f-4457-971d-4a7805d96465
2161085,Disbuds Spider Orange,Null,Null
2161087,Disbuds Spider Pink,Anastasia Chrysanthemum Disbuds/ Mums Pink Spider,bb928c2c-1c7a-4c4d-9e59-f7bc51ce67cf
2161089,Disbuds Spider Purple,Chrysanthemum Disbuds/ Lavender Lilac Mums Spider,4cc32f10-129f-4457-971d-4a7805d96465
2161091,Disbuds Spider White,Chrysanthemum Disbuds/ Mums Spider White,ab9a1708-8f89-40fa-a6a2-4988bf91fede
2161093,Disbuds Spider Yellow,Anastasia Chrysanthemum Disbuds/ Mums Spider Yellow,4ddca3e0-38d8-421d-99be-14a31c1e411b
2163706,Dried Andean Aster Bleach,Null,Null
2161203,Dried Bismark Palm Round,Null,Null
2163736,Dried Bouquet Eternal Large,Null,Null
2161205,Dried Bouquet Magical Assorted,Null,Null
2163738,Dried Bouquet Mariel,Null,Null
2161207,Dried Eryngium Bleached,And Bleached Dried Flowers Preserved Ruscus White,115357ba-a2e4-4dfd-a605-5818f8d391e8
2163712,Dried Eucalyptus Leaves Red,Null,Null
2161209,Dried Fantasy Assorted Bouquet,Null,Null
2161211,Dried Foxtail Grass 150Gram,Null,Null
2161213,Dried Ginger,Null,Null
2163734,Dried Ginger Dry Natural,Null,Null
2163702,Dried Gypso Bleach,And Bleached Dried Flowers Preserved Ruscus White,115357ba-a2e4-4dfd-a605-5818f8d391e8
2163716,Dried Heliconia Carioca Bleached,Null,Null
2161215,Dried Heliconia Carioca Hanging,Null,Null
2163722,Dried Heliconia She Kong L,Null,Null
2163718,Dried Heliconia She Kong Xl,Null,Null
2163720,Dried Heliconia She Kong Xl,Null,Null
2161217,Dried Heliconia Upright,Null,Null
2161219,Dried Ixodia,Null,Null
2161221,Dried Jungle Apple Bleached,Null,Null
2161223,Dried Lagurus Bleached,Null,Null
2163704,Dried Linum Bleach,And Bleach Cream Dried Flowers Linum Preserved,4f4c92b9-e676-4dcf-8acf-8398bf14c019
2161225,Dried Loafa Sponge Assorted,Null,Null
2161227,Dried Loafa Sponge Bleached,Null,Null
2161229,Dried Nigella Orientalis Bleached,Nigella White,7fdc5bcf-263c-48a3-ada7-104b1ea722ff
2163714,Dried Oats Bleach,Bleached Cream Dried Oats Products,3adeeb6e-e3d7-44c0-9450-0db0a20cae7d
2163708,Dried Orchard Grass Bleach,And Dried Flowers Grass Pampas Preserved Pure White,512e3bbc-3aa6-4547-884d-59855907eb28
2163710,Dried Orchard Grass Tinted,And Cream Dried Flowers Grass Natural Pampas Preserved,a5f0069a-4da3-431a-a3b0-f94895a43b43
2163726,Dried Pampas Fat Natural,And Brown Dried Flowers Natural Pampas Preserved,c5ba7e07-23cc-4d68-a834-9cb4beccf219
2163728,Dried Pampas Fat Pink,And Dried Flowers Grass Pampas Pink Preserved Serenity,c736562a-d6b2-4e7e-92f5-1c1472c98d55
2163730,Dried Pampas Slim Natural,Null,Null
2163732,Dried Pampas Slim Pink,And Dried Flowers Grass Pampas Pink Preserved Serenity,c736562a-d6b2-4e7e-92f5-1c1472c98d55
2161231,Dried Phalaris Bleached,Null,Null
2161381,Dried Ruscus Italy Bleached,Bleached Italian Ruscus White,3b5b288d-68d5-474f-a6b7-6d6c343f7866
2161383,Dried Ruscus Italy Bleached Assorted,Bleached Italian Ruscus White,3b5b288d-68d5-474f-a6b7-6d6c343f7866
2163724,Dried Sorghum Bleached,Null,Null
2161233,Dried Stopa,Null,Null
2161235,Dried Straw Palm Bleached,Null,Null
2161239,Dried Vines Inga Bleached,- Green Intertwined Sections Smilax Strands Vine,1b0268e9-d27f-4cf9-adc4-ef67b5c9aaf3
2161241,Dried Washintonian Palm Round,Null,Null
2160790,Dusty Miller,Dusty Lacey Miller Silver,e47a4311-9e5e-4762-b94e-408ee36afcf3
2161243,Eryngium Blue Lagoon,Blue Lagoon Star Thistle,6472aed1-0759-4593-a049-8a9c3c4b690a
2162200,Eucalyptus Baby Blue 200 Green,Baby Blue Eucalyptus Green,6f5d478f-b433-4da6-a445-ebc8502852f7
2162201,Eucalyptus Baby Blue 300Gr,Baby Blue Eucalyptus Green,6f5d478f-b433-4da6-a445-ebc8502852f7
2162202,Eucalyptus Cinerea 200 Green,Cinerea Eucalyptus Green,479ef914-9b6e-41e4-b4b6-97ec0f0215a9
2162203,Eucalyptus Cinerea 300Gr,Cinerea Eucalyptus Green,479ef914-9b6e-41e4-b4b6-97ec0f0215a9
2162204,Eucalyptus Parvifolia 200 Green,Eucalyptus Green Parvifolia,9bf77417-3ff1-44a7-9da2-3a1e5a38d570
2162205,Eucalyptus Parvifolia 300Gr,Null,Null
2162206,Eucalyptus Populus 200 Green,Bunch Eucalyptus Green Per Populus,1b2aab98-16b9-4efe-a8f3-0996b9b01467
2162207,Eucalyptus Populus 300Gr,Bunch Eucalyptus Green Per Populus,1b2aab98-16b9-4efe-a8f3-0996b9b01467
2162208,Eucalyptus Stuartiana 200 Green,Null,Null
2162209,Eucalyptus Stuartiana 300Gr,Null,Null
2162210,Eucalyptus Stuartiana Fall 200 Green,Null,Null
2162211,Eucalyptus Stuartiana Fall 300Gr,Null,Null
2193417,Flower Assorted,Null,Null
2170949,Flower Bqt,Null,Null
2170950,Flower Bqt,Null,Null
2170951,Flower Bqt,Null,Null
2271452,Flower Bqt,Null,Null
2271453,Flower Bqt,Null,Null
2161257,Football Assorted,Null,Null
2161259,Football Lavender,Null,Null
2161261,Football Pink,Null,Null
2161263,Football White,Chrysanthemum Disbuds/ Football Mums White,52e91d31-5f13-4ac0-bf00-aeb5f7edf7a0
2161265,Football Yellow,Null,Null
2157720,Garden Rose Coqueta,Null,Null
2158448,Garden Rose Mayra Bridal Pink,Garden Mayras Pink Queen Roses,4fc3b39c-7361-4f77-bf42-6169eb28c506
2219838,Garden Rose Mayra Hot Pink Garden Roses,Garden Hot Mayras Pink Roses,4430bdb3-30d5-4a3f-a353-07919d5e3bed
2219808,Garden Rose Mayra Peach,Garden Mayras Peach Roses Salmon,2fc0dedf-e804-4325-8d35-42b4f0335cfc
2219810,Garden Rose Mayra Red,Garden Mayras Red Roses,59ffa0fc-74ea-4719-89f7-8144f48c0a4d
2158450,Garden Rose Mayra Rose,Garden Mayras Red Roses,59ffa0fc-74ea-4719-89f7-8144f48c0a4d
2219806,Garden Rose Mayra White,Cream Garden Mayras Roses White,e37b6275-5723-446c-a101-becc9486686d
2158456,Garden Rose Piano,Garden Piano Red Roses,e65248ad-f61d-4870-9bd1-1e56657f7b5b
2158460,Garden Rose Pink Piano,Bridal Garden Piano Pink Roses,dcb54dcf-cff2-4cd2-99bf-3ec2be2e2593
2158464,Garden Rose Quicksand,Cream Quicksand Roses,12a5d6ab-de33-4820-898c-f4087830082f
2210614,Garden Rose Vday Assorted,Assorted Garden Mixed Roses Valentine,2eef2876-6c4c-411e-a48c-d832f1dbd153
2216107,Garden Rose Westminster Abbey,Abbey Garden Pink Roses Westminster,3299e6a7-d9d8-44ab-b195-d9a3159e507f
2158502,Garden Rose White Ohara,Garden Ohara Roses White,305aab46-72f9-461d-afc7-98d901c13243
2158534,Garden Roses White Ohara,Garden Ohara Roses White,305aab46-72f9-461d-afc7-98d901c13243
2163698,Garden Roses Yves Piaget,Piagetgarden Pink Roses Yves,14ce3597-683f-48a0-8fb5-9c6fb1579727
2158518,Garden Spray Lea Romantica,Garden Lea Pink Romantica Roses Spray,8ce3767e-b39c-428d-8719-0faa1f35811f
2200508,Garland Gyp Blue 5Ft,Blue Delphinium Hybrid,e213177e-1ac0-4420-a880-1f146923fd76
2200506,Garland Gyp Brown 5Ft,Null,Null
2200515,Garland Gyp Coral 5Ft,Null,Null
2200510,Garland Gyp Green 5Ft,Null,Null
2200503,Garland Gyp Hot Pink 5Ft,Dianthus Gypsy Hot Pink,34b221b3-30a0-4f1e-ba71-02fa5429eaea
2200500,Garland Gyp Indian Summer 5Ft,Null,Null
2200502,Garland Gyp Lavender 5Ft,Null,Null
2200512,Garland Gyp Light Blue 5Ft,Null,Null
2200511,Garland Gyp Light Green 5Ft,Null,Null
2200498,Garland Gyp Natural 5Ft,Null,Null
2200514,Garland Gyp Orange 5Ft,Null,Null
2200504,Garland Gyp Pink 5Ft,Null,Null
2200509,Garland Gyp Purple 5Ft,Null,Null
2200499,Garland Gyp Rainbow 5Ft,Null,Null
2200505,Garland Gyp Red 5Ft,Dianthus Gypsy Red,f2c09abf-69a5-45b4-abe7-6ea03d9caad5
2200501,Garland Gyp Sweet Candy 5Ft,Null,Null
2200507,Garland Gyp Yellow 5Ft,Null,Null
2160792,Gerbera Assorted,Null,Null
2160794,Gerbera Hot Pink,Null,Null
2160796,Gerbera Orange,Null,Null
2160798,Gerbera Pink,Gerbera Mini Pink,779b4ccd-8878-4b2a-9595-387315bd8c6d
2160800,Gerbera Red,Gerbera Mini Red,f6215c9e-808b-470b-87aa-118a8842aef2
2160802,Gerbera White,Null,Null
2160804,Gerbera Yellow,Null,Null
2163754,Ginger Red Medium,Ginger Red Small,6496f766-d95e-4737-911f-4e0917a64624
2161267,Gladiolus Assorted,Null,Null
2148557,Green Dianthus,Dianthus Green Magma,4df3e8b4-ad69-4b3f-882e-9e970b7c54ce
2190656,Green Smilax 10 Pounds,Green Smilax Southern,bc92bb16-b3af-4d89-9851-159c847315de
2161269,Greens Aspidistra,Aspidistra Green,4bc3006d-c2c3-4f27-9725-9d5033c6568a
2161271,Greens Aspidistra Variegated,Aspidistra Variegated,36b75d67-defd-4b5e-a3df-218a67d52d21
2163750,Greens Bouquet Amazonas Farm Choice Mix,Null,Null
2161275,Greens Emerald Medium,Emerald Green Hydrangea Select,157c1310-d7d7-4fb4-a762-918111da2551
2161277,Greens Eucalyptus Baby Blue,Baby Blue Eucalyptus Green,6f5d478f-b433-4da6-a445-ebc8502852f7
2161279,Greens Eucalyptus Seeded,Eucalyptus Green Seeded,3723c43d-b4ae-4aa6-a655-c621ca7b82d0
2161249,Greens Eucalyptus Silver Dollar,Null,Null
2161281,Greens Galax Leaves,Galax Green,044efdd7-cd26-4f8b-b111-8a7351ee7753
2161283,Greens Israeli Ruscus,Green Israeli Ruscus,85fa7098-487a-48cb-957e-4b323f1b637d
2161285,Greens Italian Ruscus,Green Italian Ruscus,d7583b3b-5a47-42ca-b83d-9cb4f880a768
2161287,Greens Italian Variegated Pittosporum,Green Pittosporum Variegated,fc33a789-193f-4f7e-b875-575715b90d8b
2161289,Greens Ivy Green Premium,Green Ivy,efc7f72f-7720-4886-9fa7-79099603f129
2161291,Greens Jade Regular,Carnation Green Jade Mini Spray,01242e9b-3ce2-409d-9280-ea8652ed0dcb
2161293,Greens Leather Leaf German,Green Leatherleaf,5233d093-4636-409e-bb20-d383b9d3ba20
2161295,Greens Leather Leaf Premium,Green Leatherleaf Premium Sleeved,8654d2e2-5969-4dfb-a70e-fd83a415eded
2163700,Greens Magnolia,Green Magnolia Tips,2db71732-97d5-427d-8083-e0029e7a3432
2161297,Greens Ming Fern,Asparagus Green Mingfern,7eeb17e7-df8f-479c-aafb-56de5cf856a0
2161973,Greens Monstera Small Leaves,Deliciosa Green Monstera Small,57bb979a-0621-44f7-b114-9aa35d716a3a
2161299,Greens Monstera Assorted Leaves,Null,Null
2161971,Greens Monstera Large Leaves,Green Leaf Monstera,08374613-9720-4e59-a088-7ef5b42b5f5d
2161969,Greens Monstera Medium Leaves,Null,Null
2161301,Greens Myrtle,Green Myrtle,4a76c8c7-a02b-4f15-9fa6-5e7c73c1105b
2161303,Greens Pittosporum Green,Green Pittosporum,0f9e9469-a6d2-4ab4-b929-06ccae998cbe
2161305,Greens Pittosporum Variagated,Green Pittosporum Variegated,fc33a789-193f-4f7e-b875-575715b90d8b
2161307,Greens Plumosus,Asparagus Green Plumosus,acc8404b-eb2d-4b47-bf58-2e06e6c941d0
2161385,Greens Podocarpus,Green Podocarpus Weeping,40388f6f-a695-4136-bf23-c8e4e60baf15
2163756,Greens Podocarpus,Green Podocarpus Weeping,40388f6f-a695-4136-bf23-c8e4e60baf15
2161309,Greens Robellini Palms,Green Palm Robellini,524cac8e-9f12-40c9-bfa9-76035367135a
2161311,Greens Salal,Green Salal,239f9b66-f621-45d5-8eda-50fb91d7c753
2161313,Greens Salal Tips,Green Salal Tips,7ba2b9f4-4ea4-4620-946d-d9228d4adff0
2161315,Greens Sprengeri,Asparagus Green Sprengerii,673f1405-4828-4926-861f-c80dde619de2
2161317,Greens Sword Fern,Fern Green Sword,71faa0c2-ae18-44e6-835d-12c716270509
2161319,Greens Ti Leaves Black,Cordyline Leaves Red Ti,6694113c-5b1e-4e6c-827b-43e38a7fb9e6
2161321,Greens Ti Leaves Green,Null,Null
2161323,Greens Ti Leaves Red,Cordyline Leaves Red Ti,6694113c-5b1e-4e6c-827b-43e38a7fb9e6
2161325,Greens Tree Fern,Fern Green Tree,12f0a153-0e30-492d-bf04-7dcdb3f964cc
2162262,Grevillea Metal Copper 150 Green,Null,Null
2162260,Grevillea Metal Gold 150 Green,Green Grevillea Ivanhoe,4f0b3a22-9c85-47ec-b70f-b872c17f7b0a
2162263,Grevillea Metal Red 150 Green,Grevillea Ivanhoe Red,41be17cf-8da6-4a45-9733-3b1741df3992
2162261,Grevillea Metal Silver 150 Green,Green Grevillea Ivanhoe,4f0b3a22-9c85-47ec-b70f-b872c17f7b0a
2148527,Gypsophilia Million Star,Null,Null
2148526,Gypsophilia Xlence,Null,Null
2200722,Gypsophilia Xlence Christmas,Null,Null
2148549,Gypsophilia Xlence Cold Sky Rainbow,Null,Null
2148541,Gypsophilia Xlence Tinted Brownish,Null,Null
2203425,Gypsophilia Xlence Tinted Caramel,Null,Null
2148545,Gypsophilia Xlence Tinted Coffee,Null,Null
2148553,Gypsophilia Xlence Tinted Cold Sky Rainbow,Null,Null
2148540,Gypsophilia Xlence Tinted Coral,Null,Null
2148535,Gypsophilia Xlence Tinted Dark Blue,Null,Null
2148556,Gypsophilia Xlence Tinted Fashion Rainbow,Null,Null
2148539,Gypsophilia Xlence Tinted Green,Null,Null
2148555,Gypsophilia Xlence Tinted Illusion Rainbow,Null,Null
2148550,Gypsophilia Xlence Tinted Indian Summer Rainbow,Null,Null
2148532,Gypsophilia Xlence Tinted Lavender,Null,Null
2148534,Gypsophilia Xlence Tinted Light Blue,Null,Null
2148544,Gypsophilia Xlence Tinted Light Orange,Null,Null
2271876,Gypsophilia Xlence Tinted New Pink Erika,Null,Null
2148537,Gypsophilia Xlence Tinted Orange,Null,Null
2148533,Gypsophilia Xlence Tinted Purple,Null,Null
2148530,Gypsophilia Xlence Tinted Red,Null,Null
2148552,Gypsophilia Xlence Tinted Sunrise Rainbow,Null,Null
2148554,Gypsophilia Xlence Tinted Sunset Rainbow,Null,Null
2148551,Gypsophilia Xlence Tinted Sweet Candy Rainbow,Null,Null
2148542,Gypsophilia Xlence Tinted Tofee,Null,Null
2148536,Gypsophilia Xlence Tinted Turquoise,Null,Null
2148538,Gypsophilia Xlence Tinted Yellow,Null,Null
2160806,Hearts On Fire Protea Bouquet,Null,Null
2212126,Hydrangea Assorted Premium,Assorted Grade Hydrangea Mixed Select,acb20e6a-97c1-4d8a-8c5d-625c9e626f5d
2212125,Hydrangea Assorted Select,Assorted Grade Hydrangea Mixed Select,acb20e6a-97c1-4d8a-8c5d-625c9e626f5d
2161057,Hydrangea Blue Premium,Blue Hydrangea Premium,c3f3ee21-e96c-48d5-b11e-6e5740cb52ac
2167305,Hydrangea Blue Premium,Blue Hydrangea Premium,c3f3ee21-e96c-48d5-b11e-6e5740cb52ac
2161051,Hydrangea Dark Mini Green,Dark Green Hydrangea Mini,1fa1ecea-329d-4f19-8735-9d76b64075f7
2161059,Hydrangea Emerald Select,Emerald Green Hydrangea Select,157c1310-d7d7-4fb4-a762-918111da2551
2163134,Hydrangea Jumbo Green Antique,/ Antique Exclusive Green Grown Hydrangea Jumbo,3fa6869a-a196-4539-9744-05fdbcbf7f23
2163136,Hydrangea Jumbo Red Antique,/ Antique Exclusive Grown Hydrangea Jumbo Red,1303d218-c7e0-40b0-b27d-cb630394ac12
2163138,Hydrangea Premium Elite Purple,Elite Hydrangea Purple,6d531f1c-99ab-4b92-bbe3-7b23e993aa9b
2163140,Hydrangea Premium Elite Raspberry,Hydrangea Raspberry Red,d1d74082-a5a2-4188-8cbc-38202ce602e9
2163142,Hydrangea Premium Emerald Variegada,Emerald Green Hydrangea Select Varigated,a68ddc68-3595-440a-a8d2-671b1612de36
2163144,Hydrangea Premium Lavender,Hydrangea Lavender,6e7e63d5-fa91-435e-bd93-b05dea2817d8
2163146,Hydrangea Premium Lime Green,Hydrangea Premium White,72458294-f809-4623-8369-cb4ff29e3885
2163148,Hydrangea Premium Peppermint,Null,Null
2163150,Hydrangea Premium Shocking Blue,Blue Hydrangea Premium Shocking,6887d25c-3d34-44df-a07f-129980dbdc58
2163152,Hydrangea Select Blue,Blue Hydrangea Select,bfde682f-72a5-49a9-a0c4-85eab68f8469
2163154,Hydrangea Select Emerald Variegada,Emerald Green Hydrangea Select Varigated,a68ddc68-3595-440a-a8d2-671b1612de36
2163156,Hydrangea Select Lime Green,Green Hydrangea Lime Select,33c8990a-0114-456e-9e97-373fd4ad3b72
2163158,Hydrangea Select Shocking Blue,Blue Hydrangea Select Shocking,e466ad52-7843-4e79-8197-01a4d99825bc
2163160,Hydrangea White Premium,Hydrangea Premium White,72458294-f809-4623-8369-cb4ff29e3885
2167303,Hydrangea White Premium,Hydrangea Premium White,72458294-f809-4623-8369-cb4ff29e3885
2163162,Hydrangea White Select,Hydrangea Select White,311cab55-4199-453e-9fd0-a28bdaf286c6
2161337,Hypericum Assorted,Assorted Hypericum Mixed,d63058c9-f704-4146-adad-39630ab23c0e
2161327,Hypericum Brown,Null,Null
2161329,Hypericum Excellent Flair,Null,Null
2161331,Hypericum Green,Green Hypericum,6d80b804-7f95-42ba-a284-be00417873b9
2161333,Hypericum Orange,Hypericum Orange Salmon Super,278ae267-9506-4587-aec9-b2f8ed748f96
2161335,Hypericum Salmon,Hypericum Orange Salmon Super,278ae267-9506-4587-aec9-b2f8ed748f96
2162191,Italian Ruscus Short 200 Green,Green Italian Ruscus,d7583b3b-5a47-42ca-b83d-9cb4f880a768
2162192,Italian Ruscus 150 Green,Green Italian Ruscus,d7583b3b-5a47-42ca-b83d-9cb4f880a768
2162193,Italian Ruscus 250 Green,Green Italian Ruscus,d7583b3b-5a47-42ca-b83d-9cb4f880a768
2162197,Italian Ruscus,Green Italian Ruscus,d7583b3b-5a47-42ca-b83d-9cb4f880a768
2162194,Italian Ruscus Long 200 Green,Green Italian Ruscus,d7583b3b-5a47-42ca-b83d-9cb4f880a768
2162195,Italian Ruscus 150 Green,Green Italian Ruscus,d7583b3b-5a47-42ca-b83d-9cb4f880a768
2162196,Italian Ruscus 250 Green,Green Italian Ruscus,d7583b3b-5a47-42ca-b83d-9cb4f880a768
2162198,Italian Ruscus,Green Italian Ruscus,d7583b3b-5a47-42ca-b83d-9cb4f880a768
2162238,Italian Ruscus Metal Copper 150 Green,Green Italian Ruscus,d7583b3b-5a47-42ca-b83d-9cb4f880a768
2162236,Italian Ruscus Metal Gold 150 Green,Green Italian Ruscus,d7583b3b-5a47-42ca-b83d-9cb4f880a768
2162239,Italian Ruscus Metal Red 150 Green,Green Italian Ruscus,d7583b3b-5a47-42ca-b83d-9cb4f880a768
2162237,Italian Ruscus Metal Silver 150 Green,Italian Ruscus Silver,b1f53322-ae91-4c79-b4ec-bc227aae887e
2162240,Italian Ruscus Silver 150 Green,Italian Ruscus Silver,b1f53322-ae91-4c79-b4ec-bc227aae887e
2162212,Ivy Green Bunch,Green Ivy,efc7f72f-7720-4886-9fa7-79099603f129
2162217,Ivy Green 150Gr,Green Ivy,efc7f72f-7720-4886-9fa7-79099603f129
2162213,Ivy Variegated Bunch,Ivy Variegated,4b4dc3e4-af36-4f04-b23f-0f13a6eedae6
2161339,Larkspur Assorted,Null,Null
2161341,Larkspur Blue,Blue Dark Larkspur,8f276eef-43a2-4229-adaf-b30b506afbdb
2161343,Larkspur Hot Pink,Larkspur Pink,fd216936-d6d6-4b11-8024-5585c8c78bf7
2161345,Larkspur Purple,Larkspur Purple,040a963f-be56-4a95-982d-485ac6cb1c3f
2161347,Larkspur White,Larkspur White,3daa8270-b173-4d38-b29f-2bca8830208f
2229237,Lathyrus Assorted,Null,Null
2211767,Lathyrus Hot Pink,Null,Null
2211769,Lathyrus Lavender,Null,Null
2211766,Lathyrus Light Pink,Null,Null
2211768,Lathyrus Purple,Null,Null
2211770,Lathyrus Salmon,Peas Salmon Sweet,409ff8e0-3eee-4c68-a35f-3a3ec48d5a68
2211765,Lathyrus White,Null,Null
2161349,Liatris Purple,Callilepsis Liatris Purple,1c6da598-12db-430d-b9c3-6b64c7221d78
2160848,Lily La Assorted,Assorted Bl. Hybrids La Lilies Mixed,56938067-f40c-4238-924a-662f3f3fa059
2160850,Lily La Light Pink,Null,Null
2160852,Lily La Orange,Eremo Hybrids La Lilies Orange,3d030b9e-fe0d-4c74-b2d2-71079861261b
2160854,Lily La Salmon,Null,Null
2160856,Lily La White,Bl Hybrids La Lilies White,b7fa0c0d-8d28-4325-9945-fc91e54cd104
2160858,Lily La Yellow,Bl Hybrids La Lilies Yellow,955ac9bd-6ecc-4f2d-8d9f-435dc065ce9c
2160860,Lily Oriental Assorted,Assorted Lilies Mixed Oriental,082c0eea-0736-45f7-8266-f4a658126d7f
2161253,Lily Oriental Firebolt,Null,Null
2160862,Lily Oriental Stargazer,Null,Null
2160864,Lily Oriental Yellow Concador,Bl Concador Hybrids Lilies Ot Yellow,9c4c1cf4-51a3-458b-84a7-cae15b24bdff
2160866,Lily Oriental Zambesi,Bl Hybrids Lilies Ot White Zambesi,d620c33d-54fd-4267-a46c-69122a978838
2161351,Limonium Assorted,And Assorted Dried Flowers Limonium Mixed Preserved,733559be-335a-4dcb-8c6f-0a1e3a5458ea
2161353,Limonium Blue,Null,Null
2161355,Limonium Pink,Limonium Pink Sinensis,fea8afb5-724f-4b91-bf48-8dd30746f10a
2161255,Limonium Purple,Limonium Purple Shooting Star,fdcaa82e-7db3-4062-9ef8-3a8ed3215bca
2161357,Limonium White,Limonium Sinensis White,5a86fb7f-1663-4faa-94a7-f971220dd8e0
2161359,Lisianthus Assorted,Assorted Double Lisianthus Mixed,0767b5f8-b257-4c86-9940-a4aa574fa955
2161361,Lisianthus Light Pink,Arena Double Light Lisianthus Pink,0ddfcccd-2fa8-4005-8411-5f5626d14f43
2180399,Lisianthus White,Alissa Double Lisianthus White,6467e109-a628-4efb-89f6-63d2e2454ba0
2148558,Lysimachia White,Null,Null
2258208,Mday Rose Assorted,Null,Null
2177224,Mokara Anny Cool Violet,Anycool Mokara Purple,b432b99e-5d74-4417-947b-46a314ec5832
2177225,Mokara Aomyai Orange,Aomyai Mokara Orange,e00f44c0-7514-432e-bf9f-f04788e3d1e2
2177226,Mokara Bangkuntien,Null,Null
2177227,Mokara Beauty,Anycool Mokara Purple,b432b99e-5d74-4417-947b-46a314ec5832
2177228,Mokara Boon Rong,Null,Null
2177229,Mokara Calypso,Anycool Mokara Purple,b432b99e-5d74-4417-947b-46a314ec5832
2177230,Mokara Calypso Jumbo,Anycool Mokara Purple,b432b99e-5d74-4417-947b-46a314ec5832
2177231,Mokara Chaopraya Gold,Mokara Twilight Yellow,1fc16306-f623-47c3-9255-b7582e7cda46
2177232,Mokara Chaopraya Sunset,Null,Null
2177233,Mokara Charood,Null,Null
2177234,Mokara Christine,Null,Null
2177235,Mokara Chub Kuan,Chub Kuan Mokara Pink,733539b3-0d30-4e6d-bdfa-3c385bf1d73c
2177236,Mokara Doung Porn,Mokara Twilight Yellow,1fc16306-f623-47c3-9255-b7582e7cda46
2177237,Mokara Full Moon,Mokara Twilight Yellow,1fc16306-f623-47c3-9255-b7582e7cda46
2177238,Mokara Jairak Blue,Null,Null
2177239,Mokara Kitty,Null,Null
2177240,Mokara Moo Daeng,Null,Null
2177241,Mokara Nora Blue,Null,Null
2177242,Mokara Pannee,Null,Null
2177243,Mokara Phalor Yellow/Orange,Null,Null
2177244,Mokara Robin,Null,Null
2177245,Mokara Sanya Orange/Yellow,Aomyai Mokara Orange,e00f44c0-7514-432e-bf9f-f04788e3d1e2
2177247,Mokara Saraya Gold,Mokara Twilight Yellow,1fc16306-f623-47c3-9255-b7582e7cda46
2177246,Mokara Saraya Red,Null,Null
2177248,Mokara Tammy Yellow,Isabelle Mokara Yellow,71cc2321-e25a-46f4-81d4-d750880119aa
2177249,Mokara White,Null,Null
2177250,Mokara Yellow Banana,Isabelle Mokara Yellow,71cc2321-e25a-46f4-81d4-d750880119aa
2177252,Oncidium,Oncidium Yellow,d8e7d39e-b1a0-4b21-833b-07593c79006a
2177251,Oncidium Gold Stars,Oncidium Yellow,d8e7d39e-b1a0-4b21-833b-07593c79006a
2160868,Orchids Aranda Christine Orange,Null,Null
2160870,Orchids Aranda Mocara Assorted,Null,Null
2160872,Orchids Aranda Mocara Red,Null,Null
2160874,Orchids Aranda Mocara Sexy,Null,Null
2160876,Orchids Aranda Mocara Yellow,Null,Null
2160878,Orchids Aranda Nora Orange,Null,Null
2160880,Orchids Aranda Nora Purple,Null,Null
2160882,Orchids Aranda Nora White,Null,Null
2160884,Orchids Aranda Panee Assorted,Null,Null
2160886,Orchids Aranda Panee Orange,Null,Null
2160888,Orchids Aranthera James Storie,Null,Null
2160890,Orchids Cymbidium Assorted,Null,Null
2160892,Orchids Cymbidium Brown,Null,Null
2160894,Orchids Cymbidium Green,Null,Null
2160896,Orchids Cymbidium Orange,Null,Null
2160898,Orchids Cymbidium Pink,Null,Null
2160900,Orchids Cymbidium Red,Null,Null
2160902,Orchids Cymbidium White,Cymbidium Joshua Mini White,129691cb-fc03-45eb-bd8a-0cf511f7ba8d
2160904,Orchids Cymbidium Yellow,Null,Null
2160906,Orchids Dendrobium Assorted,Amys Assorted Choice Dendrobium Mixed,4225b70e-7c75-4443-939c-fceb86b3aa4b
2160908,Orchids Dendrobium Bom Purple,Bom Dendrobium Double Lei Pink,eba9f0ff-776a-44a4-b5c0-cc8213f83346
2160910,Orchids Dendrobium Candy Stripe,Null,Null
2160912,Orchids Dendrobium Jade Green,Dendrobium Green Hybrid Jade Siam,f093ff7b-6aca-440c-ad6b-47a2a18bdab9
2160914,Orchids Dendrobium Juree Peach,Null,Null
2160916,Orchids Dendrobium Lady Mali,Null,Null
2160918,Orchids Dendrobium Leis,Dendrobium Double Lei Red Sonia,0d79dc5e-eefc-4b77-91ee-c39d260e751d
2160920,Orchids Dendrobium Miss Singapore,Null,Null
2160922,Orchids Dendrobium Miss Thailand,Null,Null
2160924,Orchids Dendrobium Queen,Null,Null
2160926,Orchids Dendrobium Red Bull,Null,Null
2160928,Orchids Dendrobium Sakura,Dendrobium Pink Sakura,93a66cad-93ee-4b8c-af58-31a3db7a2f39
2160930,Orchids Dendrobium Sonia Dyed Blue,Blue Dendrobium Red Sonia,463e5281-a460-4b98-b018-61ce856d6b3c
2160932,Orchids Dendrobium Sugar Pink,Dendrobium Jinda Pink Sweet,e4409602-3ade-4681-8d3b-2f67dcdc10f8
2160934,Orchids Dendrobium Viola Purple,Dendrobium Lei Madonna Purple Single,8cf4f97e-6054-4a65-b25b-d8fee459d79e
2160936,Orchids Dendrobium White,Dendrobium White,9debc2a6-049c-47ad-a9c0-7adf52562902
2160938,Orchids Dendrobium White Xxl,Dendrobium White,9debc2a6-049c-47ad-a9c0-7adf52562902
2160940,Orchids Dendrobium Winky,Null,Null
2161363,Orchids Oncidium Large,Oncidium Yellow,d8e7d39e-b1a0-4b21-833b-07593c79006a
2161371,Orchids Phalaenopsis Fuchsia,Null,Null
2161373,Orchids Phalaenopsis Orange,Null,Null
2161375,Orchids Phalaenopsis Purple,Null,Null
2161377,Orchids Phalaenopsis Red,Phalaenopsis White,510c0313-11e6-4815-a04a-feb3aab779e2
2161379,Orchids Phalaenopsis White,Phalaenopsis White,510c0313-11e6-4815-a04a-feb3aab779e2
2162231,Oreopanax Large,Null,Null
2162232,Oreopanax Small,Null,Null
2161365,Pampas Grass Jubata Natural,Null,Null
2161367,Pampas Grass Jubata Tinted Mix,Null,Null
2161369,Pampas Grass Selloana Painted Purple,Null,Null
2162248,Parvifolia Metal Copper 150 Green,Null,Null
2162246,Parvifolia Metal Gold 150 Green,Null,Null
2162249,Parvifolia Metal Red 150 Green,Eucalyptus Green Parvifolia,9bf77417-3ff1-44a7-9da2-3a1e5a38d570
2271679,Parvifolia Metal Silver 150 Green,Eucalyptus Green Parvafolia,16f00251-8ae0-43a9-b874-5041e940b2cf
2162199,Pittosporum Nigra Variegated 200 Green,Pittosporum Variegated,75dfb4c5-4b91-4db6-9c66-e962377969f3
2160942,Pompon Button Assorted,Assorted Button Chrysanthemum Mixed Pom Spray Valentine,f063af14-6aab-44ef-a226-a48a891ebf08
2160944,Pompon Button Green,Button Chrysanthemum Green Pom Spray,5d3a1bfe-8d9c-4354-a3bc-b0f5b05a2557
2160946,Pompon Button Green Athos,Null,Null
2160948,Pompon Button Lavender,Button Chrysanthemum Pom Spray White,e82edbff-0f8d-4e18-8505-76e7e4ef0f3f
2160950,Pompon Button Pink,Becky Button Chrysanthemum Pink Pom Spray,906cca00-794d-4067-aeef-189eaedefe31
2160952,Pompon Button Purple,Button Chrysanthemum Pom Purple Spray,ab619278-714a-4659-a9d8-5d480971f114
2160954,Pompon Button White,Button Chrysanthemum Pom Spray White,e82edbff-0f8d-4e18-8505-76e7e4ef0f3f
2160956,Pompon Button Yellow,Button Chrysanthemum Pom Spray Yellow,a8b36ced-3404-487e-b84e-bca67ea5d31f
2160958,Pompon Cdn Assorted,Assorted Cdn Chrysanthemum Mixed Pom Spray,673b68c6-a0cf-4c32-9ab2-be22eda600a0
2160960,Pompon Cushion Assorted,Assorted Chrysanthemum Colors Cushion Everyday Mixed Pom Spray,f336c17b-710d-4336-8c1d-b0aff5c5f3da
2160962,Pompon Cushion Green,Chrysanthemum Cushion Green Pom Spray,83f53b64-4bd1-4444-97ba-482f622de443
2160964,Pompon Cushion Lavender,Chrysanthemum Cushion Pom Purple Spray,ce04bcd9-9afd-4ecf-a7c9-ae9497e4cad4
2160966,Pompon Cushion Pink,Chrysanthemum Cushion Pink Pom Sakura Spray,8fc4caaf-33bf-4dd5-b761-1743a2a1f2c3
2160968,Pompon Cushion Purple,Chrysanthemum Cushion Pom Purple Spray,ce04bcd9-9afd-4ecf-a7c9-ae9497e4cad4
2160970,Pompon Cushion Red,Chrysanthemum Cushion Pom Spray White,4a468a7b-8b6b-4a65-b2c4-a8f22ce15b52
2160972,Pompon Cushion White,Chrysanthemum Cushion Pom Spray White,4a468a7b-8b6b-4a65-b2c4-a8f22ce15b52
2160974,Pompon Cushion Yellow,Chrysanthemum Cushion Pom Soleado Spray Yellow,c1f79472-3623-494d-a015-50fd512b4a53
2160976,Pompon Cushion Zembla Green,Chrysanthemum Cushion Lime Pom Spray Zembla,0d5d861b-b87b-4363-838e-2e8e8b37999e
2160978,Pompon Daisy Assorted,Assorted Chrysanthemum Daisy Mixed Pom Spray,bb7ac493-ec20-4d2a-a052-307cd90a335b
2160980,Pompon Daisy Atlantis White,Atlantis Chrysanthemum Daisy Pom Spray White,40666288-9c1b-4abf-9c57-0004c80f7ec3
2160982,Pompon Daisy Cream Yellow,Chrysanthemum Daisy Pom Spray Yellow,26a4abc6-e9fb-4123-947e-f7ba8d3a30f8
2160984,Pompon Daisy Handsome Purple,Chrysanthemum Daisy Pom Purple Spray,04d69535-a26f-4b2d-b0af-7c00b6dc7fde
2160986,Pompon Daisy Lavender,Chrysanthemum Daisy Pom Purple Spray,04d69535-a26f-4b2d-b0af-7c00b6dc7fde
2160988,Pompon Daisy Orinoco Purple,Bronze Chrysanthemum Novelty Orinoco Pom Spray,14f096a7-2c76-4055-ac47-85151fb48889
2160990,Pompon Daisy Pink,Chrysanthemum Daisy Pink Pom Spray,e9d56635-b43e-47f2-9a7f-a13335aa2454
2160992,Pompon Daisy Purple,Chrysanthemum Daisy Pom Purple Spray,04d69535-a26f-4b2d-b0af-7c00b6dc7fde
2160994,Pompon Daisy Reagan,Chrysanthemum Daisy Pom Reagan Spray Yellow,5465a400-b709-47aa-a70e-5a568f84369d
2160996,Pompon Daisy Tinted Assorted,Assorted Chrysanthemum Daisy Mixed Pom Spray,bb7ac493-ec20-4d2a-a052-307cd90a335b
2160998,Pompon Daisy Viking Yellow,Null,Null
2161000,Pompon Daisy White,Chrysanthemum Daisy Pom Spray White,28d59ba4-3118-4500-953c-bc3faf0c3de9
2161002,Pompon Daisy Yellow,Chrysanthemum Daisy Pom Spray Yellow,26a4abc6-e9fb-4123-947e-f7ba8d3a30f8
2161139,Pompon Micro Pom Assorted,Assorted Chrysanthemum Micro Mixed Pom Pomps,1d461d9d-5663-4525-a0fd-ccb10ab85fc8
2161141,Pompon Micro Pom Purple,Chrysanthemum Merida Micro Pom Purple Santini Splendid,8764df41-997d-46f6-9333-c545d8c6059f
2161143,Pompon Micro Pom White,Chrysanthemum Micro Pom Santini White,9d7873c9-4b8e-4197-a655-e9f62f88d936
2271683,Populus All Metal 150 Green,Bunch Eucalyptus Green Per Populus,1b2aab98-16b9-4efe-a8f3-0996b9b01467
2271681,Populus Metal Copper 150 Green,Bunch Eucalyptus Green Per Populus,1b2aab98-16b9-4efe-a8f3-0996b9b01467
2162250,Populus Metal Gold 150 Green,Bunch Eucalyptus Green Per Populus,1b2aab98-16b9-4efe-a8f3-0996b9b01467
2271682,Populus Metal Red 150 Green,Bunch Eucalyptus Green Per Populus,1b2aab98-16b9-4efe-a8f3-0996b9b01467
2271680,Populus Metal Silver 150 Green,Null,Null
2161129,Protea Pincushion Assorted,Assorted Mixed Pincushion Proteas,e0daa57d-25f0-4372-93c9-c050623a4555
2161131,Protea Pincushion High Gold,Gold High Pincushion Proteas Yellow,74bb3db9-a4d7-44cf-b328-d20f59c0139c
2161133,Protea Pincushion Neena,Null,Null
2161135,Protea Pincushion Soleil,Null,Null
2161137,Protea Pincushion Spider,Pincushion Pink Proteas Spider,8590825f-432f-474a-b786-4e3e9e039b27
2161145,Ranunculus Aazur Orange,Null,Null
2161147,Ranunculus Aazur Red Baron,Null,Null
2161149,Ranunculus Aazur Salmon,Null,Null
2161151,Ranunculus Aazur White,Null,Null
2161153,Ranunculus Assorted,Null,Null
2161155,Ranunculus Hot Pink,Hot Pink Ranunculus,e2f7e702-dd3c-4d59-a090-0c69d0cd28cb
2161157,Ranunculus Light Pink,Light Pink Ranunculus,8dec5f0d-1ec9-4914-a540-0335e5c6933c
2161159,Ranunculus Pink,Pink Ranunculus,4fa9d5fb-da93-48f8-840b-9810033c012a
2161163,Ranunculus Purple,Null,Null
2161161,Ranunculus White,Ranunculus White,6645f7ea-f916-4d1e-8cd5-f9b6ed643e1c
2161165,Ranunculus Yellow,Ranunculus Yellow,b1c762b1-d594-4780-913e-093638a7ef23
2158135,Rose Assorted,Assorted Mixed Roses,12d4e009-9d1b-4a0d-a778-52ac46c0f2f6
2158137,Rose Assorted,Assorted Mixed Roses,12d4e009-9d1b-4a0d-a778-52ac46c0f2f6
2158139,Rose Assorted,Assorted Mixed Roses,12d4e009-9d1b-4a0d-a778-52ac46c0f2f6
2158141,Rose Assorted,Assorted Mixed Roses,12d4e009-9d1b-4a0d-a778-52ac46c0f2f6
2194380,Rose Cappuccino Tinted,Null,Null
2180537,Rose Mondial Dyed Black,Blue Mondial Roses Tinted/dyed Toppings,c903b735-bb8f-4062-aac3-b36c465072e6
2180535,Rose Mondial Dyed Blue,Blue Mondial Roses Tinted/dyed Toppings,c903b735-bb8f-4062-aac3-b36c465072e6
2171971,Rose Phoenix Peach,Peach Phoenix Roses,b0735a17-8224-4370-9a16-ed91c90cd5e8
2171972,Rose Phoenix Peach,Peach Phoenix Roses,b0735a17-8224-4370-9a16-ed91c90cd5e8
2171973,Rose Phoenix Peach,Peach Phoenix Roses,b0735a17-8224-4370-9a16-ed91c90cd5e8
2177017,Rose Red Assorted,Null,Null
2211383,Rose Red Panther,Panther Red Roses,2655782f-60bd-44d9-9773-3ff279a4d2d3
2211384,Rose Red Panther,Panther Red Roses,2655782f-60bd-44d9-9773-3ff279a4d2d3
2194383,Rose Terracota Brown Tinted,Cotta Orange Roses Terra,751f46da-a1ae-4d43-b886-169b40840554
2194379,Rose Toffee Tinted,Bronze Roses Toffee,023b9270-dbf2-42e5-bf03-d3d0b2d95d6a
2162702,Rose Vintage,Null,Null
2157807,Roses Alba,Alba Roses White,ec9f8631-2bf7-4f2b-badd-d7a9b35fb6ea
2157809,Roses Alba,Alba Roses White,ec9f8631-2bf7-4f2b-badd-d7a9b35fb6ea
2157811,Roses Amnesia,Amnesia Lavender Roses,c7aedaca-dac0-48fc-ad08-9945e33cbb7b
2157813,Roses Amnesia,Amnesia Lavender Roses,c7aedaca-dac0-48fc-ad08-9945e33cbb7b
2157815,Roses Amsterdam,Amsterdam Cream Roses,627b12e6-a245-481d-89e5-4c3d66e9849b
2157817,Roses Amsterdam,Amsterdam Cream Roses,627b12e6-a245-481d-89e5-4c3d66e9849b
2157821,Roses Atomica,Atomic Orange Roses,b63afff4-5d7d-4578-a213-2c7bc6c1f566
2157823,Roses Atomica,Atomic Orange Roses,b63afff4-5d7d-4578-a213-2c7bc6c1f566
2157725,Roses Bicolor Pink Assorted,Assorted Mixed Roses,12d4e009-9d1b-4a0d-a778-52ac46c0f2f6
2157727,Roses Bicolor Pink Assorted,Assorted Mixed Roses,12d4e009-9d1b-4a0d-a778-52ac46c0f2f6
2157729,Roses Bicolor Pink Assorted,Assorted Mixed Roses,12d4e009-9d1b-4a0d-a778-52ac46c0f2f6
2157731,Roses Bicolor Yellow Assorted,Null,Null
2157733,Roses Bicolor Yellow Assorted,Null,Null
2157735,Roses Bicolor Yellow Assorted,Null,Null
2157825,Roses Black Magic,Black Magic Red Roses,91e45cb3-ed92-45dd-8031-39eebd5b0669
2157827,Roses Black Magic,Black Magic Red Roses,91e45cb3-ed92-45dd-8031-39eebd5b0669
2157829,Roses Black Magic,Black Magic Red Roses,91e45cb3-ed92-45dd-8031-39eebd5b0669
2157831,Roses Blueberry,Blueberry Purple Roses,a395d780-0678-4c0d-8813-290e161ffb3d
2157833,Roses Bluez,Blues Lavender Moody Roses,e865e5d2-b621-4c0d-9bf3-274e831a2c2e
2157835,Roses Bluez,Blues Lavender Moody Roses,e865e5d2-b621-4c0d-9bf3-274e831a2c2e
2157837,Roses Brighton,Brighton Roses Yellow,6cf94d7e-0d53-4cf4-b734-d3909bda388d
2157839,Roses Brighton,Brighton Roses Yellow,6cf94d7e-0d53-4cf4-b734-d3909bda388d
2157841,Roses Brighton,Brighton Roses Yellow,6cf94d7e-0d53-4cf4-b734-d3909bda388d
2157843,Roses Cabaret,Cabaret Pink Roses,2c6f8943-46db-4cac-b03c-538975fbafa4
2157845,Roses Cabaret,Cabaret Pink Roses,2c6f8943-46db-4cac-b03c-538975fbafa4
2157847,Roses Cabaret,Cabaret Pink Roses,2c6f8943-46db-4cac-b03c-538975fbafa4
2157737,Roses Color Assorted,Null,Null
2157739,Roses Color Assorted,Null,Null
2157849,Roses Coolwater,Null,Null
2157851,Roses Coolwater,Null,Null
2157853,Roses Coolwater,Null,Null
2157855,Roses Coral Reef,Coral Orange Reef Roses,ced01f80-2bd2-4e13-a6c2-5f971f160ed7
2157857,Roses Coral Reef,Coral Orange Reef Roses,ced01f80-2bd2-4e13-a6c2-5f971f160ed7
2157741,Roses Cream Assorted,Null,Null
2157743,Roses Cream Assorted,Null,Null
2157745,Roses Cream Assorted,Null,Null
2157747,Roses Dark Red Assorted,Null,Null
2157749,Roses Dark Red Assorted,Null,Null
2157751,Roses Dark Red Assorted,Null,Null
2157859,Roses Deep Purple,Purple Roses,84b77150-11ac-4312-865f-b5c6e8870fe4
2157861,Roses Deep Purple,Purple Roses,84b77150-11ac-4312-865f-b5c6e8870fe4
2157863,Roses Deep Purple,Purple Roses,84b77150-11ac-4312-865f-b5c6e8870fe4
2157865,Roses Engagement,Null,Null
2157867,Roses Engagement,Null,Null
2157869,Roses Esperance,Esperance Pink Roses,3936ceeb-36db-4f0b-b405-141119580609
2157871,Roses Esperance,Esperance Pink Roses,3936ceeb-36db-4f0b-b405-141119580609
2157873,Roses Esperance,Esperance Pink Roses,3936ceeb-36db-4f0b-b405-141119580609
2157875,Roses Explorer,Explorer Red Roses,41a167bd-bf87-4f11-8afa-1c9cbb3a3cca
2157877,Roses Explorer,Explorer Red Roses,41a167bd-bf87-4f11-8afa-1c9cbb3a3cca
2157879,Roses Explorer,Explorer Red Roses,41a167bd-bf87-4f11-8afa-1c9cbb3a3cca
2157881,Roses Fiesta,Null,Null
2157883,Roses Fiesta,Null,Null
2157885,Roses First Lady,First Lady Roses White,13430460-6dd9-449e-b2d1-ef31448940c1
2157893,Roses Free Spirit,Free Orange Roses Spirit,d24a19f4-a094-4319-8be4-e711959f72db
2157895,Roses Free Spirit,Free Orange Roses Spirit,d24a19f4-a094-4319-8be4-e711959f72db
2157887,Roses Freedom,Freedom Red Roses,bb8c5298-179b-4c2b-a57a-de0b14efa71b
2157889,Roses Freedom,Freedom Red Roses,bb8c5298-179b-4c2b-a57a-de0b14efa71b
2157891,Roses Freedom,Freedom Red Roses,bb8c5298-179b-4c2b-a57a-de0b14efa71b
2157897,Roses Frutteto,Frutteto Pink Roses,c868ec55-4528-49e0-99c3-d31c6552a2c6
2157899,Roses Frutteto,Frutteto Pink Roses,c868ec55-4528-49e0-99c3-d31c6552a2c6
2157901,Roses Garden Spirit,Blush Garden Roses Spirit,ff23babb-67ec-438c-a48e-480d8fd4f44b
2157903,Roses Garden Spirit,Blush Garden Roses Spirit,ff23babb-67ec-438c-a48e-480d8fd4f44b
2157905,Roses Geraldine,Geraldine Pink Roses,d5808360-30ad-497d-9972-ed11b9fc1186
2157907,Roses Geraldine,Geraldine Pink Roses,d5808360-30ad-497d-9972-ed11b9fc1186
2157909,Roses Gotcha,Gotcha Pink Roses,82f5490a-e106-43c3-87c1-33b0b166e171
2157911,Roses Gotcha,Gotcha Pink Roses,82f5490a-e106-43c3-87c1-33b0b166e171
2157753,Roses Green Assorted,Null,Null
2157755,Roses Green Assorted,Null,Null
2157757,Roses Green Assorted,Null,Null
2157913,Roses Grey Knights,Grey Knights Lavender Roses,23e03356-ca36-410e-b955-42c92c8d2ba0
2157915,Roses Grey Knights,Grey Knights Lavender Roses,23e03356-ca36-410e-b955-42c92c8d2ba0
2157917,Roses Hearts,Hearts Red Roses,b00bf2c2-0309-4369-b272-8f33f8e1fc20
2157919,Roses Hearts,Hearts Red Roses,b00bf2c2-0309-4369-b272-8f33f8e1fc20
2157921,Roses Hermosa,Hermosa Pink Roses,b38833fc-ce8d-491b-8706-d06b7b06ed45
2157923,Roses Hermosa,Hermosa Pink Roses,b38833fc-ce8d-491b-8706-d06b7b06ed45
2157925,Roses Hermosa,Hermosa Pink Roses,b38833fc-ce8d-491b-8706-d06b7b06ed45
2157927,Roses High Magic,& High Magic Roses Yellow,3d79707e-8248-40c3-b2c6-468ee560e909
2157929,Roses High Magic,& High Magic Roses Yellow,3d79707e-8248-40c3-b2c6-468ee560e909
2157931,Roses High Magic,& High Magic Roses Yellow,3d79707e-8248-40c3-b2c6-468ee560e909
2157933,Roses High Yellow,& High Magic Roses Yellow,3d79707e-8248-40c3-b2c6-468ee560e909
2157935,Roses High Yellow,& High Magic Roses Yellow,3d79707e-8248-40c3-b2c6-468ee560e909
2157937,Roses High Yellow,& High Magic Roses Yellow,3d79707e-8248-40c3-b2c6-468ee560e909
2157939,Roses High Yellow,& High Magic Roses Yellow,3d79707e-8248-40c3-b2c6-468ee560e909
2157941,Roses Hot Explorer,Explorer Hot Pink Roses,413482fe-8346-4bb3-96fe-3c039d24e137
2157943,Roses Hot Explorer,Explorer Hot Pink Roses,413482fe-8346-4bb3-96fe-3c039d24e137
2157945,Roses Hot Explorer,Explorer Hot Pink Roses,413482fe-8346-4bb3-96fe-3c039d24e137
2157759,Roses Hot Pink Assorted,Assorted Mixed Roses,12d4e009-9d1b-4a0d-a778-52ac46c0f2f6
2157761,Roses Hot Pink Assorted,Assorted Mixed Roses,12d4e009-9d1b-4a0d-a778-52ac46c0f2f6
2157763,Roses Hot Pink Assorted,Assorted Mixed Roses,12d4e009-9d1b-4a0d-a778-52ac46c0f2f6
2157949,Roses Kahala,Kahala Orange Roses,f778feaf-4a0b-46bb-b961-b067946bcdb8
2157951,Roses Kahala,Kahala Orange Roses,f778feaf-4a0b-46bb-b961-b067946bcdb8
2157765,Roses Lavender Assorted,Null,Null
2157767,Roses Lavender Assorted,Null,Null
2157769,Roses Lavender Assorted,Null,Null
2157953,Roses Lemonade,Green Lemonade Roses,2baa4433-e80d-426e-b5ca-a724403af683
2157955,Roses Lemonade,Green Lemonade Roses,2baa4433-e80d-426e-b5ca-a724403af683
2157957,Roses Light House,Lighthouse Roses Yellow,33501960-9286-4a47-8b67-8b001b5a4f10
2157959,Roses Light House,Lighthouse Roses Yellow,33501960-9286-4a47-8b67-8b001b5a4f10
2157961,Roses Light House,Lighthouse Roses Yellow,33501960-9286-4a47-8b67-8b001b5a4f10
2157771,Roses Light Pink Assorted,Null,Null
2157773,Roses Light Pink Assorted,Null,Null
2157775,Roses Light Pink Assorted,Null,Null
2157963,Roses Lola,Lola Pink Roses,74b99700-190f-4604-9790-6fc28ab478c0
2157965,Roses Lola,Lola Pink Roses,74b99700-190f-4604-9790-6fc28ab478c0
2157967,Roses Lorraine,Lorraine Pink Roses,f194a18a-2329-407d-9f22-ff14d6646a9a
2157969,Roses Lorraine,Lorraine Pink Roses,f194a18a-2329-407d-9f22-ff14d6646a9a
2157971,Roses Lorraine,Lorraine Pink Roses,f194a18a-2329-407d-9f22-ff14d6646a9a
2157973,Roses Luciano,Luciano Pink Roses,2914bb57-34d9-4d5b-8846-b4ba1582ed40
2157975,Roses Luciano,Luciano Pink Roses,2914bb57-34d9-4d5b-8846-b4ba1582ed40
2157977,Roses Luciano,Luciano Pink Roses,2914bb57-34d9-4d5b-8846-b4ba1582ed40
2157985,Roses Maggi,Null,Null
2157987,Roses Maggi,Null,Null
2157989,Roses Maggi,Null,Null
2157979,Roses Magic Times,Magic Pink Roses Times,8018552c-3f27-49ac-abac-6cf4f9ed3926
2157981,Roses Magic Times,Magic Pink Roses Times,8018552c-3f27-49ac-abac-6cf4f9ed3926
2157983,Roses Matilda,Brown Matilda Roses,24a74264-b04e-41d9-8e33-55adfd80271a
2157991,Roses Mondial,Mondial Roses White,efe6352a-651c-4f0b-b4c1-3033d25ec988
2157993,Roses Mondial,Mondial Roses White,efe6352a-651c-4f0b-b4c1-3033d25ec988
2157995,Roses Mondial,Mondial Roses White,efe6352a-651c-4f0b-b4c1-3033d25ec988
2157997,Roses Mondial,Mondial Roses White,efe6352a-651c-4f0b-b4c1-3033d25ec988
2158001,Roses Mondial Dyed Black,Blue Mondial Roses Tinted/dyed Toppings,c903b735-bb8f-4062-aac3-b36c465072e6
2157999,Roses Mondial Dyed Blue,Blue Mondial Roses Tinted/dyed Toppings,c903b735-bb8f-4062-aac3-b36c465072e6
2158003,Roses Mondial Dyed Purple,Mondial Purple Roses Tinted/dyed Toppings,a29822e9-dac2-41bb-83ef-b08f2076dfa0
2158005,Roses Mondial Dyed Purple,Mondial Purple Roses Tinted/dyed Toppings,a29822e9-dac2-41bb-83ef-b08f2076dfa0
2158007,Roses Mondial Rainbow Dyed,Mondial Purple Roses Tinted/dyed Toppings,a29822e9-dac2-41bb-83ef-b08f2076dfa0
2158009,Roses Mondial Rainbow Dyed,Mondial Purple Roses Tinted/dyed Toppings,a29822e9-dac2-41bb-83ef-b08f2076dfa0
2158013,Roses Moody Blues,Blues Lavender Moody Roses,e865e5d2-b621-4c0d-9bf3-274e831a2c2e
2158015,Roses Moody Blues,Blues Lavender Moody Roses,e865e5d2-b621-4c0d-9bf3-274e831a2c2e
2158017,Roses Moody Blues,Blues Lavender Moody Roses,e865e5d2-b621-4c0d-9bf3-274e831a2c2e
2158019,Roses Moonstone,Moonstone Roses White,de911042-a6f7-4403-b5b1-840a4541ff05
2158021,Roses Moonstone,Moonstone Roses White,de911042-a6f7-4403-b5b1-840a4541ff05
2158011,Roses Moonstone,Moonstone Roses White,de911042-a6f7-4403-b5b1-840a4541ff05
2158025,Roses Mother Of Pearl,Mother Of Pearl Pink Roses,c7115ff9-51a8-4896-b691-56fcf3e2e55d
2158023,Roses Mother Of Pearl,Mother Of Pearl Pink Roses,c7115ff9-51a8-4896-b691-56fcf3e2e55d
2158027,Roses Mother Of Pearl,Mother Of Pearl Pink Roses,c7115ff9-51a8-4896-b691-56fcf3e2e55d
2158029,Roses Movie Star,Movie Roses Salmon Star,ffcda1d9-1a65-48d9-938a-c48a7b62dc7a
2158031,Roses Movie Star,Movie Roses Salmon Star,ffcda1d9-1a65-48d9-938a-c48a7b62dc7a
2158033,Roses Nena,Nena Pink Roses,99b66806-4e0f-4655-a78f-ecf47b8c8ea9
2158035,Roses Nena,Nena Pink Roses,99b66806-4e0f-4655-a78f-ecf47b8c8ea9
2158037,Roses Nina,Nina Orange Roses,f5e624fd-f516-49c2-9ea7-b6f14f2a731d
2158039,Roses Nina,Nina Orange Roses,f5e624fd-f516-49c2-9ea7-b6f14f2a731d
2158041,Roses Nina,Nina Orange Roses,f5e624fd-f516-49c2-9ea7-b6f14f2a731d
2158043,Roses Novia,Novia Pink Roses,4b5c6979-e7a7-42b7-860b-c5b49e5314de
2158045,Roses Novia,Novia Pink Roses,4b5c6979-e7a7-42b7-860b-c5b49e5314de
2158047,Roses Novia,Novia Pink Roses,4b5c6979-e7a7-42b7-860b-c5b49e5314de
2158049,Roses Opala,Null,Null
2157777,Roses Orange Assorted,Assorted Mixed Roses,12d4e009-9d1b-4a0d-a778-52ac46c0f2f6
2157779,Roses Orange Assorted,Assorted Mixed Roses,12d4e009-9d1b-4a0d-a778-52ac46c0f2f6
2157781,Roses Orange Assorted,Assorted Mixed Roses,12d4e009-9d1b-4a0d-a778-52ac46c0f2f6
2158051,Roses Orange Crush,Crush Orange Roses,c55d52c9-04eb-47c3-a945-d4ac99042f4e
2158053,Roses Orange Crush,Crush Orange Roses,c55d52c9-04eb-47c3-a945-d4ac99042f4e
2158055,Roses Orange Unique,Null,Null
2158057,Roses Paloma,Paloma Pink Roses,ed9472da-9aa2-4d66-afe3-db8ff659b0c7
2158059,Roses Paloma,Paloma Pink Roses,ed9472da-9aa2-4d66-afe3-db8ff659b0c7
2158061,Roses Paloma,Paloma Pink Roses,ed9472da-9aa2-4d66-afe3-db8ff659b0c7
2158063,Roses Parmida,Null,Null
2158065,Roses Parmida,Null,Null
2158067,Roses Parmida,Null,Null
2157783,Roses Peach Assorted,Null,Null
2157785,Roses Peach Assorted,Null,Null
2157787,Roses Peach Assorted,Null,Null
2158069,Roses Piacere,Lavender Piacere Roses,d92a0b50-3d75-4bcf-96fc-08290a6b6674
2158071,Roses Piacere,Lavender Piacere Roses,d92a0b50-3d75-4bcf-96fc-08290a6b6674
2158073,Roses Piacere,Lavender Piacere Roses,d92a0b50-3d75-4bcf-96fc-08290a6b6674
2158075,Roses Pink Floyd,Floyd Pink Roses,c5de60f2-0625-423b-81c6-ca5abf7b9295
2158077,Roses Pink Floyd,Floyd Pink Roses,c5de60f2-0625-423b-81c6-ca5abf7b9295
2158079,Roses Pink Floyd,Floyd Pink Roses,c5de60f2-0625-423b-81c6-ca5abf7b9295
2158081,Roses Pink Mondial,Mondial Pink Roses,452eeb34-2851-4dd6-82ae-a37402468c65
2158083,Roses Pink Mondial,Mondial Pink Roses,452eeb34-2851-4dd6-82ae-a37402468c65
2158085,Roses Playa Blanca,Blanca Playa Roses White,3276d79d-695d-4f45-87c4-d53166e34ef3
2158087,Roses Playa Blanca,Blanca Playa Roses White,3276d79d-695d-4f45-87c4-d53166e34ef3
2158089,Roses Playa Blanca,Blanca Playa Roses White,3276d79d-695d-4f45-87c4-d53166e34ef3
2158091,Roses Pomarosa,Blush Poma Rosa Roses,1a3081b8-0b17-4ea3-9563-d9f8c2e0b9ce
2158093,Roses Pomarosa,Blush Poma Rosa Roses,1a3081b8-0b17-4ea3-9563-d9f8c2e0b9ce
2158095,Roses Pomarosa,Blush Poma Rosa Roses,1a3081b8-0b17-4ea3-9563-d9f8c2e0b9ce
2158097,Roses Pompeii,Cream Pompeii Roses,17d1b346-a167-4252-b937-fbb16b9d0ddd
2158099,Roses Pompeii,Cream Pompeii Roses,17d1b346-a167-4252-b937-fbb16b9d0ddd
2158101,Roses Proud,Proud Roses White,3d09da30-61c4-45f5-a4a8-34b938dfedcd
2158103,Roses Proud,Proud Roses White,3d09da30-61c4-45f5-a4a8-34b938dfedcd
2158105,Roses Proud,Proud Roses White,3d09da30-61c4-45f5-a4a8-34b938dfedcd
2158107,Roses Queenberry,Berry Pink Queen Roses,303d33c4-b91a-4eca-b870-eba880268e8a
2158109,Roses Queenberry,Berry Pink Queen Roses,303d33c4-b91a-4eca-b870-eba880268e8a
2158111,Roses Quicksand,Cream Quicksand Roses,12a5d6ab-de33-4820-898c-f4087830082f
2158113,Roses Quicksand,Cream Quicksand Roses,12a5d6ab-de33-4820-898c-f4087830082f
2158115,Roses Quicksand,Cream Quicksand Roses,12a5d6ab-de33-4820-898c-f4087830082f
2157789,Roses Red Assorted,Null,Null
2158117,Roses Red Assorted,Null,Null
2157791,Roses Red Assorted,Null,Null
2158123,Roses Red Assorted,Null,Null
2157793,Roses Red Assorted,Null,Null
2158133,Roses Red Assorted,Null,Null
2158151,Roses Salma,Blush Roses Salma,f29d2388-d0e1-49b7-9471-e66ba45d8770
2158153,Roses Secret Garden,Garden Pink Roses Secret,e673d850-a421-4b5a-b831-af62a32b1d07
2158155,Roses Senorita,Blush Roses Senorita,039f0186-7cbf-443d-b903-d354ad62f7c6
2158157,Roses Senorita,Blush Roses Senorita,039f0186-7cbf-443d-b903-d354ad62f7c6
2158159,Roses Senorita,Blush Roses Senorita,039f0186-7cbf-443d-b903-d354ad62f7c6
2158161,Roses Shimmer,Peach Roses Shimmer,30f161ca-f066-4432-8b5e-b0f24e4a36e5
2158163,Roses Shimmer,Peach Roses Shimmer,30f161ca-f066-4432-8b5e-b0f24e4a36e5
2158165,Roses Shimmer,Peach Roses Shimmer,30f161ca-f066-4432-8b5e-b0f24e4a36e5
2158173,Roses Stardust,Roses Stardust Yellow,18eb2af1-e3ee-478a-91eb-01923528a330
2158175,Roses Stardust,Roses Stardust Yellow,18eb2af1-e3ee-478a-91eb-01923528a330
2158177,Roses Stardust,Roses Stardust Yellow,18eb2af1-e3ee-478a-91eb-01923528a330
2158185,Roses Sweet Unique,Pink Roses Sweet Unique,0d0b2974-88cc-44f4-b26d-420e6188251a
2158187,Roses Sweet Unique,Pink Roses Sweet Unique,0d0b2974-88cc-44f4-b26d-420e6188251a
2158179,Roses Sweetness,Pink Roses Sweetness,3799423d-b9c8-46fc-9e05-1abc29fed4db
2158181,Roses Sweetness,Pink Roses Sweetness,3799423d-b9c8-46fc-9e05-1abc29fed4db
2158183,Roses Sweetness,Pink Roses Sweetness,3799423d-b9c8-46fc-9e05-1abc29fed4db
2158189,Roses Tiara,Lavender Roses Tiara,a967f68a-a6ab-497c-a5ad-a6bcc11538ec
2158191,Roses Tiara,Lavender Roses Tiara,a967f68a-a6ab-497c-a5ad-a6bcc11538ec
2158193,Roses Tibet,Roses Tibet White,b1b6b639-31e1-46fa-bd71-be74b64a9471
2158195,Roses Tibet,Roses Tibet White,b1b6b639-31e1-46fa-bd71-be74b64a9471
2158197,Roses Tiffany,Peach Roses Tiffany,78867b37-5d94-48a9-a694-1889b1b8cf1f
2158199,Roses Tiffany,Peach Roses Tiffany,78867b37-5d94-48a9-a694-1889b1b8cf1f
2158201,Roses Toffee,Bronze Roses Toffee,023b9270-dbf2-42e5-bf03-d3d0b2d95d6a
2158207,Roses Topaz,Pink Roses Topaz,0071b7b4-0147-4960-bdb0-ac337f5171e1
2158209,Roses Topaz,Pink Roses Topaz,0071b7b4-0147-4960-bdb0-ac337f5171e1
2158211,Roses Topaz,Pink Roses Topaz,0071b7b4-0147-4960-bdb0-ac337f5171e1
2158213,Roses Vendela,Ivory Roses Vendela,9c8fb9d5-8777-419d-9a66-081c8d720bba
2158215,Roses Vendela,Ivory Roses Vendela,9c8fb9d5-8777-419d-9a66-081c8d720bba
2158217,Roses Vendela,Ivory Roses Vendela,9c8fb9d5-8777-419d-9a66-081c8d720bba
2158219,Roses Vendela,Ivory Roses Vendela,9c8fb9d5-8777-419d-9a66-081c8d720bba
2157721,Roses Wasabi,Garden Lime Roses Wasabi,4b02cba0-6b6c-4bf6-935d-02048f6a2eb9
2157795,Roses White Assorted,Null,Null
2157797,Roses White Assorted,Null,Null
2157799,Roses White Assorted,Null,Null
2157801,Roses Yellow Assorted,Null,Null
2157803,Roses Yellow Assorted,Null,Null
2157805,Roses Yellow Assorted,Null,Null
2261049,Rumex Unicorn,Null,Null
2162270,Ruscus Aculeatus Glittered Blue,Blue Ruscus,c3985a4d-1217-4fea-8f60-42b7a1b9244c
2162266,Ruscus Aculeatus Glittered Gold,Gold Ruscus,76560b59-7aed-42dc-ab0a-ef5dd289cfc8
2162269,Ruscus Aculeatus Glittered Green,Florida Green Ruscus,295009ed-39c1-4988-b220-e1646b073a88
2271689,Ruscus Aculeatus Glittered Mix,Null,Null
2271688,Ruscus Aculeatus Glittered Red,Red Ruscus,8af5764b-4b2d-407b-8223-9a8cf6023256
2162267,Ruscus Aculeatus Glittered Silver,Italian Ruscus Silver,b1f53322-ae91-4c79-b4ec-bc227aae887e
2162265,Ruscus Aculeatus Snow Red Flocked,Red Ruscus,8af5764b-4b2d-407b-8223-9a8cf6023256
2161061,Snapdragon Assorted,. Assorted Mixed Snapdragons,54f45a3d-bfad-4f03-8b52-ce0a4fb9fcbb
2161063,Snapdragon Burgundy,Burgundy Snapdragons,a740a131-d31a-428d-9e18-cd14612c1a1d
2161065,Snapdragon Orange,Orange Snapdragons,42997f80-812e-423c-9ed4-e600dfdbb818
2161067,Snapdragon Pink,Pink Snapdragons,f0229bbc-21bd-477f-a9c5-8401a5a6b543
2161069,Snapdragon Purple,Lavender Snapdragons,6afeabde-85ce-471f-a07d-765652ba69ad
2161071,Snapdragon Red,Red Snapdragons,5fa6d79e-ea85-4a68-a939-4c8e2cc32ed5
2161073,Snapdragon White,Snapdragons White,fcb9d70c-f2c5-4ca0-9eff-0759f19d93c3
2161075,Snapdragon Yellow,Snapdragons Yellow,0a7db376-3513-45ad-8f4e-3f382fe8f0eb
2227853,Spider Tinted Assorted,Anastasia Assorted Chrysanthemum Disbuds/ Fest Mixed Mums Spider Tinted Valentine,6d3baeb7-7d24-472d-be5c-b7d9dd6f4bbe
2161247,Spray Rose Assorted,Assorted Mixed Roses Spray,d214920f-53c0-467f-9223-504409feb616
2161095,Spray Rose Cherry Follies,Cherry Folies Roses Spray,742a9d78-5ad7-423b-9910-555ba5ca1769
2161097,Spray Rose Hot Pink,Hot Pink Roses Spray,17ef391d-2881-4fd8-89ab-a78aae3134d4
2161099,Spray Rose Ilse,Ilse Peach Roses Spray,db592b1e-d54e-4093-82f5-13db501724f5
2161101,Spray Rose Lavender,Lavender Mikado Roses Silver Spray,3d2ac2c5-aa16-4cd3-ad4e-f2afc3576c12
2161103,Spray Rose Lovely Lydia,Lydia Pink Roses Spray,3d05d1ad-64e4-4e85-8477-8b2ad17180e0
2161105,Spray Rose Lydia,Lydia Pink Roses Spray,3d05d1ad-64e4-4e85-8477-8b2ad17180e0
2161107,Spray Rose Mambo Orange,Mambo Orange Roses Spray,69b40e96-63e0-489d-8704-6ab6a4bf94af
2161109,Spray Rose Peach,Null,Null
2161111,Spray Rose Pink,Pink Roses Spray,029a1052-de34-478f-bd90-28f3b905aa81
2161113,Spray Rose Pink Majolica,Majolika Pink Roses Spray,96c6b8ba-c1ef-4f84-838e-e753fd3cc71d
2161115,Spray Rose Purple Sky,Purple Roses Sky Spray,66863ee1-1b58-4878-a809-2e1be29d7361
2161117,Spray Rose Red,Null,Null
2161119,Spray Rose Rubicon,Red Roses Rubicon Spray,896abed4-5b18-49f5-b1fd-6f679c044a87
2219612,Spray Rose Snowflake,Roses Snowflake Spray White,c7752584-99c3-444a-8b3c-ee46166268d9
2161121,Spray Rose White,Roses Spray White,bc94c70e-f037-4c11-a325-e610896e463c
2161123,Spray Rose White Majolica,Majolika Roses Spray White,f740603f-e493-4a07-a9e7-cc73c854215b
2161125,Spray Rose Yellow,Roses Spray Yellow,5de29d0e-5c1f-4b4a-80f5-7b36ca8acfca
2161127,Statice Assorted,Assorted Mixed Statice,47b4fa4a-bd92-49f1-882b-991b1fb7e741
2161004,Statice Hot Pink,Hot Pink Statice,ea19e485-3536-4082-9b03-0053e90d76e3
2161006,Statice Lavender,Lavender Statice,49c8dc4c-8895-42a9-9d90-66a150b66dc5
2161008,Statice Pink,Pink Statice,7a9ad225-3ac8-4b29-ba2a-d58141170792
2161010,Statice Purple,Purple Statice,cca7bf2f-1471-42a4-bd4d-fec92b81954c
2161012,Statice White,Statice White,b34b35b0-2ad5-4824-aa4f-dd907edb76d4
2161014,Statice Yellow,Statice Yellow,40235410-ac07-4419-b641-ca32a2f8fdd2
2161016,Stock Assorted,Assorted Mixed Stock,b8f5e1d3-adb2-4eb5-b0c1-37e6102ea52c
2161018,Stock Burgandy,Null,Null
2161020,Stock Cream,Cream Stock Yellow,a497a6b3-f5f0-46c8-98b9-30a4ed980292
2161022,Stock Hot Pink,Hot Pink Stock,2e077bc0-d072-44ef-ae0b-3d4c639387b5
2161024,Stock Lavender,Lavender Stock,b5bfd498-0086-4c2c-8901-6e605037465e
2161026,Stock Light Pink,Light Pink Stock,7dc29cc5-d734-449a-922c-60621994b4ed
2161028,Stock Peach,Peach Stock,1497f7fe-776d-4f1f-b891-dbb609a82ef5
2161030,Stock Purple,Purple Stock,cedd70c2-b9e9-44c6-8269-fdf01b88d3a4
2161034,Stock Reddish Purple,Purple Redisch Stock,306fd629-2147-42aa-949f-4dc0432692c1
2161037,Stock Spray Assorted,Assorted Mixed Spray Stock,1cdd0e18-f022-4bf4-b588-0e3bfe47b671
2161039,Stock White,Stock White,5de3bbad-c3b8-4c77-aa4e-ec49154b374a
2161041,Stock Yellow,Stock Yellow,0e8851b0-ba33-4ca7-a9bb-e230832d409b
2271687,Stuartiana All Metal 150 Green,Null,Null
2271686,Stuartiana Metal Copper 150 Green,Null,Null
2271684,Stuartiana Metal Gold 150 Green,Null,Null
2162258,Stuartiana Metal Red 150 Green,Null,Null
2271685,Stuartiana Metal Silver 150 Green,Null,Null
2161043,Sunflowers Petite,Petite Sunflower Yellow,3a251d3f-3b22-4c3a-a76e-159b9723d625
2161045,Sunflowers Xxl Homestead,Null,Null
2162214,Super Blue Dried Lavender 100G,Blue Dream Lavender Roses,35e3732a-f041-4eed-9f99-db58594e4951
2162215,Super Blue Dried Lavender 100G,Blue Dream Lavender Roses,35e3732a-f041-4eed-9f99-db58594e4951
2162216,Super Blue Dried Lavender Sleeved 120/150St,Blue Lavendel Lavender Stock,c62255c5-49a7-4a60-8e48-4eaf30c44d1b
2148559,Trachelium Green,Green Trachelium,5da555ae-5c4a-4690-a040-3565e3bbccb8
2148561,Trachelium Purple,Null,Null
2148560,Trachelium White,Corina Trachelium White,0dc85111-9c28-441d-83d7-389c483b3022
2177253,Vanda Vanda,Lavender Vanda,a5f6a250-10b7-4f95-9547-7a486ed78bf3
2177258,Vanda Vanda Dark Purple,Lavender Vanda,a5f6a250-10b7-4f95-9547-7a486ed78bf3
2177256,Vanda Vanda Hot Pink,Null,Null
2177254,Vanda Vanda Pink,Lavender Vanda,a5f6a250-10b7-4f95-9547-7a486ed78bf3
2177260,Vanda Vanda Pink Fushia,Null,Null
2177255,Vanda Vanda Purple,Lavender Vanda,a5f6a250-10b7-4f95-9547-7a486ed78bf3
2177257,Vanda Vanda Purple Black,Lavender Vanda,a5f6a250-10b7-4f95-9547-7a486ed78bf3
2177259,Vanda Vanda Red,Lavender Vanda,a5f6a250-10b7-4f95-9547-7a486ed78bf3
2161047,Veronica Assorted,Assorted Mixed Veronica,d1f3c9a1-7b58-4fca-b75b-0400c7910585
2161049,Veronica Blue,Blue Purple Veronica,b88b58c0-5fb8-435d-91a8-d74abbf01d12
2161053,Veronica Pink,Pink Veronica,9d57cd8b-410a-4281-80cf-a66024c543ae
2161055,Veronica Purple,Purple Veronica,bbabc43d-893b-4a46-984b-c74c2f599724
2212502,Waxflower Assorted,Assorted Mixed Waxflower,fbfe2922-98a3-4eab-9fd9-e4156ee643b0
2212503,Waxflower Pink,Pink Waxflower,c521c8eb-efc0-462c-9ab2-87975ad2f6dd
2167167,Waxflower White,Waxflower White,5d79c163-42db-4b83-a400-5c4b92f87c1b
2162233,Xanadu Extra,Green Philodendron Xanadu,5be322df-b8aa-4ad2-8fee-b3f1e1e33f41
2162234,Xanadu I,Green Philodendron Xanadu,5be322df-b8aa-4ad2-8fee-b3f1e1e33f41
2162235,Xanadu Ii,Green Philodendron Xanadu,5be322df-b8aa-4ad2-8fee-b3f1e1e33f41
