competitor_product_id,product_name
40531,Stock Pink and White Antique
24996,Statice Purple Tissue Queens
26814,Artemisia Dusty Miller Large Leaf
26967,Artemisia Dusty Miller Lacey
17732,Statice lush Tissue
40531,Stock Pink and White Antique
26719,Astilbe Pink Europa
26131,Rose Orange Free Spirit
62094,Rose Orange Free Spirit
49842,Rose Orange Free Spirit
51272,Rose Orange Free Spirit
24348,Rose Orange Free Spirit
52871,Rose Orange Free Spirit
51090,Rose Orange Free Spirit
30985,Rose Orange Free Spirit
10754,Astilbe Pink Erica
63370,Rose Yellow Momentum
47260,Rose Yellow Momentum
52079,Stock Assorted lora
45094,Stock White Spray
25240,Amaranthus Green Hanging
39710,Stock Assorted Spray
40736,Rose Pink Opala
41301,Campanula Purple
41303,Campanula Pink
41302,Campanula White
21547,Craspedia Yellow
75125,Stock Light Pink
31690,Dianthus Amazon Cherry
31947,Dianthus Amazon Purple
75125,Stock Pink Light
40358,Rose Red Explorer
52827,Rose Red Explorer
31486,Dianthus Amazon Assorted
38093,Dianthus Amazon Red Scarlet
47596,Anemone White
18013,Anemone White Panda
68448,Artemisia Dusty Miller
74486,Mum Disbud White Zembla
40531,Stock Pink and White Antique
31690,Dianthus Amazonherry
38004,Dianthus Amazonurgundy
40536,Fever Few Double White Tetram
27585,Feverfew Daisyalifornia
74478,Mum Disbud Yellow Astroid
68177,Mum Super Yellow Asteroid
32722,Freesia Assorted
30532,Rose White Polo
24836,Rose White Polo
42666,Grass Oats
27799,Grass Wheat
40519,Stock Mauve Antique
39709,Stock Mauve Antique
75084,Kale Purple and Green
32275,Mum Disbud Green Fuzzball
28596,Rice Flower White
27972,Lavender English
17993,Lepidium
58866,Lepidium Green Dragon
31862,Sunflower Yellow Vincent Choice
31868,Sunflower Yellow Vincent Choice
31865,Sunflower Yellow Vincent Choice
31863,Sunflower Yellow Vincent Choice Fresh
31869,Sunflower Yellow Vincent Choice Fresh
31866,Sunflower Yellow Vincent Choice Fresh
39054,Scabiosa Burgundy Blackberry Scoop
31133,Scabiosa Burgundy Annual
39056,Scabiosa Red Raspberry Scoop
32865,Sunflower Yellow Sunbright
32548,Sunflower Yellow Sunbright
36402,Scabiosa Red Raspberry Scoop
39056,Scabiosa Red Raspberry Scoop
36402,Scabiosa Red Raspberry Scoop
39071,Scabiosa Red Velvet Scoop
24355,Rose Cream Candlelight
24421,Rose Cream Candlelight
39516,Sunflower Yellow Vincent Choice
39515,Sunflower Yellow Vincent Choice
39098,Sunflower Yellow Vincent Choice
36576,Sunflower Yellow Vincent Choice
36737,Sunflower Yellow Vincent Choice
36598,Sunflower Yellow Vincent Choice
32876,Sunflower Yellow Vincent Choice
52076,Sunflower Yellow Vincent Choice
38277,Sunflower Yellow Vincent Choice
42891,Tulip Double Pink Flash Point
40272,Tulip Double Columbus
38979,Tulip White
21797,Yarrow Cottage White
46099,Thistle Blue Bell
17276,Thistle Blue Lagoon
68742,Rose Pink Candy Expression
68743,Rose Pink Candy Expression
30381,Rose Hot Pink Topaz
30718,Rose Hot Pink Topaz
38978,Tulip Red
38560,Tulip Assorted
38980,Tulip Yellow
35213,Tulip Pink Llight
35180,Tulip Pink
38977,Tulip Purple
38975,Tulip Orange
12294,Peony White Mother's Choice
35213,Tulip Pink Light
32068,Peony Coral Charm
12653,Peony Coral Charm
30381,Rose Hot Pink Topaz
30718,Rose Hot Pink Topaz
39044,Yarrow Yellow
36757,Yarrow Yellow
31479,Yarrow Yellow
46895,Rose Pink Nena
52909,Rose Pink Nena
46896,Rose Pink Nena
17845,Peony Pink Light Rene Hortens
17845,Peony Pink Light Rene Hortens
38196,Waxflower Yellow Tint Select
26847,Waxflower Orange Tint Select
33025,Waxflower Purple
17836,Peony Whiteridal Shower
65734,Rose Pink Sweet Eskimo
53753,Rose Pink Sweet Eskimo
57052,Rose Pink Sweet Eskimo
23058,Peony White Duchesse
31914,Peony White Duchesse
56071,Rose Hot Pink Gotcha
56071,Rose Hot Pink Gotcha
45961,Peony Pink Hot Cytherea
12458,Peony White Bowl Of Cream
45961,Peony Pink Hot Cytherea
36007,Peony Coral Sunset
54433,Rose Pink Christa
49840,Rose Pink Christa
49839,Rose Pink Christa
10996,Peony Pink Light Pecher
47099,Rose Lavender Blueberry
10996,Peony Pink Light Pecher
36029,Peony Red Sara
10697,Peony Pink Light Angelheeks
33768,Peony Pink Sara
10697,Peony Pink Light Angelheeks
69112,Rose Sal Dragonfly
69113,Rose Sal Dragonfly
69114,Rose Sal Dragonfly
67448,Rose Var Kahala
67449,Rose Var Kahala
23113,Peony Pink Hot Jules Elie
23029,Peony Pink Hot Jules Elie
23113,Peony Pink Hot Jules Elie
23029,Peony Pink Hot Jules Elie
10473,Peony Blush Gardenia
10473,Peony Blush Gardenia
28863,Rose Red Freedom
49910,Rose Red Freedom
43820,Rose Red Freedom
28517,Rose Red Freedom
25612,Rose Red Freedom
31006,Rose Red Freedom
26220,Rose Red Freedom
32196,Rose Red Freedom
31523,Rose Red Freedom
34890,Rose Red Freedom
37620,Rose Red Freedom
25705,Rose Red Freedom
26187,Rose Red Freedom
29868,Rose Red Freedom
49911,Rose Red Freedom
53806,Rose Red Freedom
51166,Rose Red Freedom
28859,Rose Red Freedom
66748,Rose Red Freedom
33649,Rose Red Freedom
24342,Rose Red Freedom
23204,Pom Pon Yellow Viking
58012,Pom Pon Yellow Viking
45759,Rose Lavender Andrea
58014,Pom Pon Green Athos
34986,Pom Pon Green Athos
31603,Pom Pon Green Athos
62883,Pom Pon Green Athos
57581,Rose Pink Mother of Pearl
54033,Rose Pink Mother of Pearl
45792,Rose Pink Mother of Pearl
54034,Rose Pink Mother of Pearl
43936,Rose Pink Mother of Pearl
52444,Rose White Dove
68375,Pom Pon Lavender Roselle
59171,Pom Pon Blue Ocean Jade
59171,Pom Pon Blue Ocean Jade
20246,Rose White Mondial
26229,Rose White Mondial
49103,Rose White Mondial
51314,Rose White Mondial
51231,Rose White Mondial
20247,Rose White Mondial
24833,Rose White Mondial
24567,Rose White Mondial
27250,Rose White Mondial
49104,Rose White Mondial
51232,Rose White Mondial
47085,Rose White Mondial
51261,Rose White Mondial
49902,Rose Varluez
59054,Pom Pon Peach Button Hippie
53738,Rose Pink Mondial
57050,Rose Pink Mondial
53739,Rose Pink Mondial
47705,Rose Pink Mondial
57049,Rose Pink Mondial
53740,Rose Pink Mondial
49217,Pom Pon Assorted
60958,Pom Pon Assorted
65544,Pom Pon Assorted
23286,Pom Pon Assorted
60658,Pom Pon Assorted
50000,Pom Pon Assorted
62864,Pom Pon Assorted
54826,Pom Pon Assorted
54753,Pom Pon Purple Button
61282,Pom Pon Purple Button
50958,Pom Pon Pink Daisy Alma
23187,Pom Pon Yellowutton
23245,Pom Pon Yellow Button
62879,Pom Pon Yellow Button
27070,Rose Pch Shine On
50976,Pom Pon Lavender Dotty Cherry
50978,Pom Pon Green Button
50675,Pom Pon Green Butt Whats App
67139,Pom Pon Green Butt Whats App
18292,Pom Pon Micro White Candy Crush
23182,Pom Pon White Button
23344,Pom Pon White Button
23131,Pom Pon White Button
62878,Pom Pon White Button
52162,Pom Pon White Micro Why Not
46850,Rose Yellow Stardust
46851,Rose Yellow Stardust
30698,Rose Pink Rosita Vendela
23210,Pom Pon Assorted
62884,Pom Pon Novelty Ying Yang
47798,Rose Sal Amsterdam
54364,Rose Sal Amsterdam
40732,Rose White Moonstone
40733,Rose White Moonstone
59173,Pom Pon Blue Ocean Sapphire
28793,Rose Yellow Gelosia
59170,Pom Pon Blue Ocean Coral
59170,Pom Pon Blue Ocean Coral
59170,Pom Pon Blue Ocean Coral
67616,Pom Pon Santini White Katty
59671,Pom Pon Santini Assorted
23324,Pom Pon Santini Pink Frenzy
58685,Pom Pon Santini Yellow OkiDoki
23324,Pom Pon Santini Pink Frenzy
54573,Pom Poni Color Daisy Starfire
59111,Pom Pon Salmon Daisy
59337,Pom Pon Peach Daisy Tequila Sunrise
54702,Pom Pon Peach Daisy
24086,Rose White Playa Blanca
29963,Rose White Playa Blanca
57044,Rose White Playa Blanca
67352,Rose White Playa Blanca
53704,Rose White Playa Blanca
67353,Rose White Playa Blanca
57045,Rose White Playa Blanca
67354,Rose White Playa Blanca
46897,Rose Pink Hermosa
46898,Rose Pink Hermosa
24053,Rose Pink Hermosa
23266,Pom Pon Purple Daisy
21569,Pom Pon Purple Daisy
62875,Pom Pon Lav. Daisy Atlantis
42353,Pom Pon Orange Reagan Daisy
50977,Pom Pon Pink Daisy Alma
54744,Pom Pon Pink Daisy Atlantis
54786,Pom Pon Yellow Daisy
60674,Pom Pon Yellow Daisy
58683,Pom Pon Yellow Daisy Yellowstone
40002,Rose Dyed Blue
23268,Pom Pon Lavender Daisy Reagan
23354,Pom Pon Yellow Daisy Reagan
23200,Pom Pon White Daisy Alma
50751,Pom Pon White Daisy Alma
54593,Pom Pon White Daisy Alma
54736,Pom Pon White Daisy Alma
62814,Pom Pon White Daisy Alma
23347,Pom Pon White Daisy Reagan
52166,Pom Pon White Top Dollar
23174,Pom Pon Assorted Daisy
48286,Pom Pon Assorted Daisy
60659,Pom Pon Assorted Daisy
62052,Pom Pon Assorted Daisy
54113,Pom Pon Assorted Daisy
23264,Pom Pon Assorted Daisy
50001,Pom Pon Assorted Daisy Atlantis lora
23262,Pom Pon Assorted Daisy Reagan
51023,Rose Var Sweetberry
50938,Florinca White
59109,Pom Pon Pink-Light Daisy Coconut
57981,Alstroemeria Green Shakira
20080,Alstroemeria Red
20085,Alstroemeria Burgundy Velvet Queen
37806,Pom Pon Green Button Country
29697,Aster Matsumoto White
54883,Alstroemeria Prpote D'Azur Prem
59585,Alstroemeria Prp Maracana Prem
50858,Alstroemeria Purple
58006,Alstroemeria Purple Napoli
49684,Alstroemeria Purple Xanadu
29694,Aster Matsumoto Purple
50855,Alstroemeria Orange
51850,Alstroemeria Orange Queen Select
68196,Alstroemeria Orange Queen
66058,Alstroemeria Pink Marian Premium
50857,Alstroemeria Hot Pink
66056,Alstroemeria Pink-Hot Rome
40019,Alstroemeria Pink-Hot Rosita
29692,Aster Matsumoto Pink Hot
52666,Rose Peach Alejandra
65200,Alstroemeria Assorted White Premium
25756,Alstroemeria Assorted White Select
59657,Alstroemeria White
60115,Alstroemeria White Aspen Premium
65753,Alstroemeria White Aspen Select
67747,Alstroemeria White Bianca
59575,Alstroemeria White Bianca
50785,Alstroemeria White Perfection
60923,Alstroemeria White Virginia Prem
47616,Alstroemeria White Winterfell Prem
29693,Aster Matsumoto Pink Light
50856,Alstroemeria Yellow
50786,Alstroemeria Yellow Perfection
57972,Alstroemeria Yellow Bella Star
50885,Alstroemeria Yellow Sunny Lady
54703,Alstroemeria Lavender Galaxy
50970,Alstroemeria Lavender Galaxy Select
58618,Alstroemeria Lavender Jewel
50859,Alstroemeria Lavender
26779,Aster White Mardi Gras
60579,Aster White Sunspring
50750,Pom Pon Peach Bush Champagne
59023,Alstroemeria Assorted Pink Premium
20126,Alstroemeria Assorted Pink Select
59496,Alstroemeria Pink
54797,Alstroemeria Pink Dark Blue Amposta
50971,Alstroemeria Pink Dubai Select
59568,Alstroemeria Pink Fifi
66058,Alstroemeria Pink Marian Premium
50790,Alstroemeria Pink Perfection
67857,Alstroemeria Pink Primadonna
54868,Alstroemeria Pink Seattle
50857,Alstroemeria Pink-Hot
66056,Alstroemeria Pink-Hot Rome
40019,Alstroemeria Pink-Hot Rosita
50851,Alstroemeria Assorted Epicolor
20150,Alstroemeria Assorted Fancy
20047,Alstroemeria Assorted Fancy Benchmark
26019,Alstroemeria Assorted La Plaz Perfec
59023,Alstroemeria Assorted Pink Premium
20126,Alstroemeria Assorted Pink Select
49553,Alstroemeria Assorted Premium
60470,Alstroemeria Assorted Select
18202,Alstroemeria
64107,Alstro Assorted Selectchmrk
59674,Alstro Assorted Spring Premium
59650,Alstro Assorted Spring Select
48279,Alstro Assorted Super Select
65200,Alstro Assorted White Premium
59496,Alstroemeria Pink
59657,Alstroemeria White
20530,Aster Purple
68149,Aster Purple Double Carnival
26404,Aster Purple Mardi Gras
57180,Aster Assorted Tint Sol Spring
58956,Aster Cream Estelle Solidago
50750,Pom Pon Peach Bush Champagne
65418,Rose Red Black Pearl
65691,Rose Red Black Pearl
45779,Rose Pink Shy
25900,Rose Pink Shy
42707,Rose Pink Shy
52551,Rose Pink Shy
42708,Rose Pink Shy
52113,Pom Pon Yellow Zippo
53679,Pom Pon Pinkushion
59110,Pom Pon Pinkushion Ptrshka
23132,Pom Pon Assortedushion
42351,Pom Pon Purpleushion
23355,Pom Pon White Blush Artic Queen
62867,Pom Pon White Blush Artic Queen
23296,Pom Pon White Blush Maisy
23325,Pom Pon White Blush Maisy
23294,Pom Pon White Blush Polaris
52161,Pom Pon Lavender Cushion
23178,Pom Pon Lavender Cushion
62869,Pom Pon Lavender Cushion
60667,Pom Pon Lavender Cushion
23188,Pom Pon Yellow Cushion
23273,Pom Pon Yellow Cushion
62868,Pom Pon Yellow Cushion
67165,Pom Pon Whiteush Polaris
50910,Pom Pon Salmon Smokey
42351,Pom Pon Purple Cushion
69024,Rose Pink Nuage
68832,Rose Pink Nuage
53747,Rose Pink Nuage n
69025,Rose Pink Nuage
53748,Rose Pink Nuage
68833,Rose Pink Nuage
59187,Pom Pon Blue Ocean Assorted
59187,Pom Pon Blue Ocean Assorted
59187,Pom Pon Blue Ocean Assorted
30710,Rose Hot Pink Gotcha
24959,Rose Hot Pink Country Blues
42745,Rose Hot Pink Country Blues
30710,Rose Hot Pink Country Blues
24959,Rose Hot Pink Country Blues
42745,Rose Hot Pink Country Blues
58016,Pom Pon Yellow Factor Daisy
23186,Pom Pon Yellow Daisy Factor
68712,Rose Green Lemonade
51792,Rose Green Lemonade
59172,Pom Pon Blue Ocean Purple Sapphire
59172,Pom Pon Blue Ocean Purple Sapphire
62127,Rose Org Crush
52030,Rose Org Crush
30549,Rose Org Crush
52861,Rose Org Crush
52031,Rose Org Crush
62958,Pom Pon Org Atlantis Daisy
60961,Pom Pon Novelty Ying Yang
52156,Pom Pon White Eagle
54577,Pom Pon Nov. Yellow Lennox
50914,Pom Pon Nov. Shortcake
42347,Pom Pon Novelty White green Alba
23235,Pom Pon White Daisy Atlantis
23148,Pom Pon White Daisy Atlantis
59596,Pom Pon Nov. Purple Aipom
59720,Pom Pon Novelty Prp Amaze
23323,Pom Pon Purple Delirock
54799,Pom Pon Nov Green Alemani
23740,Rose White Eskimo
30236,Rose White Eskimo
30801,Rose White Eskimo
53809,Rose White Eskimo
30751,Rose White Eskimo
23307,Pom Pon Yellow Daisy Atlantis
60956,Pom Pon Yellow Daisy Atlantis
54700,Pom Pon Peach Cushion
40679,Rose Lavender Menta
49682,Pom Pon Green Butt WhatsApp
68774,Rose Yellow Cancun
26707,Rose Yellow Cancun
24077,Rose Yellow Cancun
31190,Aster Assorted Mardi Gras
60630,Aster Assorted
29751,Aster Assortedarnival Duplos
57180,Aster Assorted Tint Solidago Spring
56855,Aster Yellow Solidago
20540,Aster Yellow Solidago
20591,Aster Yellow Solidago Mardi Green
20551,Aster Yellow Solidago Queen's
57092,Aster Yellow Soldiago Golden Glory
24264,Rose Pink Sweet Unique
27323,Rose Pink Sweet Unique
54967,Rose Pink Sweet Unique
26249,Rose Pink Sweet Unique
30520,Rose Pink Sweet Unique
48981,Rose Pink Sweet Unique
30521,Rose Pink Sweet Unique
21484,Bells of Ireland
32232,Bells of Ireland
47089,Rose Hot Pink Pink Floyd
47090,Rose Hot Pink Pink Floyd
41964,Ranunculus Blush Pon Pon Jumbo
47089,Rose Hot Pink Pink Floyd
47090,Rose Hot Pink Pink Floyd
41964,Ranunculus Blush Pon Pon Jumbo
17865,Ranunculus Pink Hot Jumbo
17840,Ranunculus Pink Blush Jumbo
27775,Ranunculus Berry Cappuchino Jumbo
17893,Ranunculus Gypsy Cappuchino
17894,Ranunculus Gypsy Cappuchino XXL
41193,Ranunculus White
17841,Ranunculus White Jumbo
17992,Ranunculus Cream Jumbo
17896,Ranunculus Pink Light Jumbo
17905,Ranunculus Coral Jumbo
17900,Ranunculus Assorted Jumbo
17899,Ranunculus Salmon Jumbo
17866,Ranunculus Peach Grand Pastel
17864,Ranunculus Peach Jumbo
17884,Ranunculus Princess Peach Jumbo
65687,Rose Yellow Butterscotch
17840,Ranunculus Pink Blush Jumbo
17865,Ranunculus Pink Hot Jumbo
17904,Ranunculus Pink Lady Jumbo
17896,Ranunculus Pink Light Jumbo
17889,Ranunculus Pink
17897,Ranunculus Pink Jumbo
17884,Ranunculus Princess Peach Jumbo
34863,Ranunculus White
31198,Ranunculus White
34862,Ranunculus Orange
28892,Ranunculus Orange
20553,Ranunculus Pink Hot
35571,Ranunculus Red
35101,Ranunculus Salmon
34861,Ranunculus Purple
46922,Rose Yellow Blikini
46923,Rose Yellow Blikini
20553,Ranunculus Pink Hot
29761,Ranunculus Pink
28891,Ranunculus Yellow
40367,Rose Hot Pink Lola
57555,Rose Hot Pink Lola
40368,Rose Hot Pink Lola
40915,Rose Hot Pink Lola
40367,Rose Hot Pink Lola
57555,Rose Hot Pink Lola
40368,Rose Hot Pink Lola
40915,Rose Hot Pink Lola
68982,Rose White Coldplay
68889,Rose White Coldplay
31698,Calla Lily Mini Purple Picasso
29367,Calla Lily Mini Assorted
29969,Calla Lily Mini Org Mango
17818,Calla Lily Mini Org Marmaid
36586,Calla Lily Min Black Odessa
36584,Calla Lily Mini Purple
38283,Calla Lily Mini Pink Perle
38284,Calla Lily Mini Pink Perle
36586,Calla Lily Min Black Odessa
31436,Calla Lily Mini Yellow gold
27079,Calla Lily Mini Yellow
36686,Calla Lily Min Black Velvet
41439,Calla Lily Mini Pink
38337,Calla Lily Mini Pink Hot
38283,Calla Lily Mini Pink Perle
38284,Calla Lily Mini Pink Perle
38290,Calla Lily Mini Burgundy Sumatra
41405,Calla Lily Mini Cranberry
38092,Calla Lily Mini Red Majolika
33044,Calla Lily Mini Schwarz
39874,Calla Lily Mini White
39911,Calla Lily Mini White
40077,Calla Lily Mini White
36611,Calla Lily Mini White Ventura
42819,Ranunculus Butterfly Grace
57620,Ranunculus Butterfly Cream
38021,Calla Lily White Open
33998,Calla Lily White Magnum
20656,Calla Lily White Open
17760,Calla Lily White Open
42819,Ranunculus Butterfly Cream Grace
57620,Ranunculus Butterfly Cream Litai
45252,Ranunculus Butterfly Cream Grace
41526,Ranunculus Butterfly Cream Keramos
34867,Ranunculus Butterfly Musa
45708,Ranunculus Butterfly Pink Hera
23381,Ranunculus Butterfly Pink Light Ariadne
58990,Ranunculus Butterfly Pink Melissa
57278,Ranunculus Butterfly Purple Thiva
42829,Ranunculus Butterfly Salemio Eris
29502,Ranunculus Butterfly Yellow Helios
50600,Carnation Holiday Pack
20691,Carnation Holiday Pack
50601,Carnation Holilday Pack Select
20780,Carnation Holiday Fancy
66053,Carnation Orange
62805,Carnation Orange Megan
52192,Carnation Org Trueno
20757,Carnation Red
26321,Carnation Red Fancy
20795,Carnation Red Select
36940,Carnation Red Virgilio
59274,Carnation Peach Apple Tea
37836,Garden Rose White Alabaster
45708,Ranunculus Butterfly Pink Hera
30947,Rose Lavender Deep Purple
23782,Rose Lavender Deep Purple
45785,Rose Lavender Deep Purple
61086,Rose Lavender Deep Purple
68380,Carnation Brut
20751,Carnation Pink
50880,Carnation Pink Doncel
48606,Carnation Pink Doncel
57635,Carnation Pink Lege
56042,Carnation Pink-Hot
62796,Carnation Pink-Hotizet
20710,Carnation Select Moon Aqua
50878,Carnation Lege Sport
20748,Carnation Peach
59274,Carnation Peach Apple Tea
62037,Carnation Peach Lege Marrone
50879,Carnation Peach Lizi
62037,Carnation Peach Lege Marrone
20713,Carnation Select Moon Vista
60522,Carnation Purple
20712,Carnation Select Moon Shade
20713,Carnation Select Moon Vista
56042,Carnation Pink-Hot
62796,Carnation Pink-Hotizet
43327,Garden Rose Westmin' Abbey
60519,Carn Moon Select Assorted
60547,Carnation Assorted Fancy
60797,Carnation Assorted Fancy
62060,Carnation Assorted Fancy
65493,Carnation Assorted Fancy
20684,Carnation Assorted
65224,Carnation Assorted Select
50594,Carnation Assorted Select
60795,Carnation Assorted Select
65424,Carnation Assorted Select
60520,Carnation Assorted Spring Select
50600,Carnation Holiday Pack Fancy
20691,Carnation Holiday Pack Fcy
50601,Carnation Holiday Pack Sel
20780,Carnation Holiday Fancy
60533,Carnation Novelty Assorted
50602,Carnation Novelty Fancy
50604,Carnation Novelty Select
60531,Carnation Novelty Select
60524,Carnation Novelty Select
60519,Carn Moon Select Assorted
20763,Carnation White
28125,Carnation White Fancy
20764,Carnation White Fancy
20765,Carnation White Select
68376,Carnation White Moon Light
57635,Carnation Pink Lege
20771,Carnation Burgundy
56983,Rose Yellow Lighthouse
50877,Carnation Bernard
49676,Carnation Bicolor Jelly
20732,Carnation Rendez/Komachi
54810,Carnation Cheerio
68378,Carnation Cover
50616,Carnation Creola
50609,Carnation Komachi Fiesta
52160,Carnation Mauve Mohave
26459,Carnation Minerva
59274,Carnation Peach Apple Tea
20749,Carnation Peppermint
54875,Carnation Mustard
68374,Carnation Yellow
52190,Carnation Yellow Diletta
52159,Carnation Lavender Boheme
62801,Carnation Lavender Farida
62802,Carnation Lavender Prinz
58013,Carnation Lavender
20710,Carnation Select Moon Aqua
20711,Carnation Select Moon Lite
39882,Garden Rose White Patience
21350,Mini Carnation Purple
21337,Mini Carnation Cherry Tessino
21349,Mini Carnation Peppermint
50626,Mini Carnation Masquerade
21348,Mini Carnation Peach
57006,Rose Cream Quicksand
65467,Rose Cream Quicksand
28180,Rose Cream Quicksand
40918,Rose Cream Quicksand
30694,Rose Cream Quicksand
40919,Roseream Quicksand
65781,Carnatio Cnaramel
21351,Mini Carnation Red
59271,Miniarnation Red
37109,Carnation Green
20755,Carnation Green Prado Mint
21347,Miniarnation Orange
21353,Miniarnation White
21411,Miniarnation White
21343,Miniarnation Pink-Hot
21398,Miniarnation Pink-Hot
20734,Carnationream
21338,Miniarnationream
21355,Mini Carnation Green
21328,Mini Carnation Assorted
60646,Mini Carnation Assorted
65310,Mini Carnation Assorted
21363,Mini Carnation Assorted
21430,Mini Carnation Holiday Pack
60645,Mini Carnation Novelty Assorted
21345,Mini Carnation Pink-Light
21336,Mini Carnation Burgundy
42746,Rose Hot Pink Roseberry
21354,Mini Carnation Yellow
21344,Mini Carnation Lavender
48978,Garden Rose White O'Hara
33114,Delphinium Dark Blue Sea Waltz
36083,Delphinium Dark Blue Sea Waltz
35608,Delphinium Dark Blue Sea Waltz
39944,Delphinium Dark Blue Sea Waltz
42746,Rose Hot Pink Roseberry
33114,Delphinium Dark Blue Sea Waltz
36083,Delphinium Dark Blue Sea Waltz
35608,Delphinium Dark Blue Sea Waltz
39944,Delphinium Dark Blue Sea Waltz
33130,Delphinium Blue Volkenfried
26708,Delphinium Blue Volkenfried
33130,Delphinium Blue Volkenfried
26708,Delphinium Blue Volkenfried
39084,Delphinium Hybrid Purple Black Pacific
39082,Delphinium Hybrid Purple Black Pacific
38366,Delphinium Hybrid White Pacific
38367,Delphinium Hybrid White Pacific
38368,Delphinium Hybrid White Pacific
56892,Garden Rose Assorted
38353,Delphinium Hybrid blue-Dark Blue Pacific
38354,Delphinium Hybrid Blue-Dark Blue Pacific
38355,Delphinium Hybrid Blue-Dark Blue Pacific
38362,Delphinium Hybrid Blue-Dark Blue Pacific
38363,Delphinium Hybrid Blue-Dark Blue Pacific
38364,Delphinium Hybrid Blue-Dark Blue Pacific
39076,Delphinium Hybrid Lavender Pacific
39078,Delphinium Hybrid Pink Pacific
39080,Delphinium Hybrid Pink Pacific
38353,Delphinium Hybrid Lavender Pacific
38354,Delphinium Hybrid Blue-Dark Blue Pacific
38355,Delphinium Hybrid Blue-Dark Blue Pacific
38362,Delphinium Hybrid Light-Blue Pacific
38363,Delphinium Hybrid Light-Blue Pacific
38364,Delphinium Hybrid Light-Blue Pacific
47769,Garden Rose Peach Juliet
34167,Delphinium Hybrid Assorted
27366,Delphinium Dark Blue
27367,Delphinium Hybrid Purple
27366,Delphinium Hybrid Blue
39119,Delphinium Hybrid Blue
38139,Delphinium Hybrid White
20927,Delphinium Hybrid Lavender Pacific
32214,Delphinium Hybrid White-Dark Blue Bella
20920,Delphinium Blue -Light Bella
39119,Delphinium Hybrid Blue - Dark Blue
33392,Delphinium White Andesella
32214,Delphinium Hybrid White-Dark Blue Bella
20920,Delphinium Blue -Light Bella
36122,Garden Rose Hot Pink Darcey
20951,Delphinium Light Blue Sea Waltz
33091,Delphinium Light Blue Sea Waltz
34903,Delphinium Light Blue Sea Waltz
36122,Garden Rose Hot Pink Darcey
23965,Rose Var Flamingo
20951,Delphinium Light Blue Sea Waltz
33091,Delphinium Light Blue Sea Waltz
34903,Delphinium Light Blue Sea Waltz
63301,Gerbera Pink-Hot/White Mandala
43639,Gerbera Yellow
34200,Gerbera Yellow
32067,Gerbera Orange Alex
57903,Gerbera Orange Atlanta
34343,Gerbera Orangeandella
55401,Gerbera Orange Spotlight
63301,Gerbera Pink-Hot/White Mandala
42613,Gerbera Var Pink Hippiehic
34201,Gerbera White
43607,Gerbera White
17660,Gerbera Cream/Peach Cartizze
52786,Gerbera Peach Alma
43342,Gerbera Peach Avignon
34771,Gerbera Peach Bicolor Julia
26713,Gerbera Peach Carlita
59919,Gerbera Peach Cream Cafe Del Mar
59918,Gerbera Peach Cream Estate
49749,Gerbera Peach Pre-Extase
17660,Gerbera Cream/Peach Cartizze
59919,Gerbera Peach Cream Cafe Del Mar
17660,Gerbera Cream/Peach Cartizze
59919,Gerbera Peach Cream Cafe Del Mar
59918,Gerbera Peach Cream Estate
55231,Gerbera Coral Hamptons
25789,Gerbera Pink-Light
29886,Gerbera Pink-Light
55231,Gerbera Coral Hamptons
63324,Gerbera Coral Treasure
32075,Gerbera Assorted
59909,Gerbera Assorted Rainboward
58847,Gerbera Assorted Spring Mix
17660,Gerbera Cream/Peach Cartizze
35807,Garden Rose Cream Caramel
27159,Gerbera Burgundy Amarone
55410,Gerbera Burgundy Humberto
57588,Rose Var Magic Times
42615,Gerbera Pink-Hot
47908,Gerbera Pink-Hot
63301,Gerbera Pink-Hot/White Mandala
43594,Gerbera Red
29905,Gerbera Red
55231,Gerberaoral Hamptons
42615,Gerbera Pink-Hot
47908,Gerbera Pink-Hot
63301,Gerbera Pink-Hot/White Mandala
25789,Gerbera Pink-Light
29886,Gerbera Pink-Light
42613,Gerbera Var Pink Hippiehic
39739,Garden Rose Peach Charity
65029,Gerpom Yellow Rhea
22915,Gerrondo Peacheaker
49487,Gerrondo Peach Terra Maga
37309,Garden Rose White Pr. Miyuki
58898,Gerpom Pink-Hot Pluck
25695,Gerbera Mini Purple Dolcetto D
42161,Gerbera Mini White
37627,Gerbera Mini White
48911,Rose Hot Pink Queenberry
58898,Gerpom Pink-Hot Pluck
53302,Gerbera Mini Orange
49794,Gerbera Mini Orange Jordy
63314,Gerbera Mini Orange
62900,Gerbera Mini Yellow Franky
43606,Gerbera Mini Red
43660,Gerbera Mini Red
48911,Rose Hot Pink Queenberry
28002,Gerbera Mini Lav/Pnk Kimsey
35842,Gerbera Mini Peach Cream Cafe
55396,Gerbera Mini Peach Larissa
43353,Gerbera Mini Peach Oreo
40901,Garden Rose White Leonora
43325,Garden Rose Red Tess
68791,Gerbera Minioral Time Out
49798,Gerbera Minioral Vidal
21468,Gerbera Mini Cream Milady
56096,Gerbera Mini Cream Peach Pelican
35842,Gerbera Mini Peach Cream Cafe
62900,Gerbera Mini Yellow Franky
57576,Gerbera Mini Yellow
28051,Gerbera Mini Yellow
55308,Gerbera Mini Assorted
43584,Gerbera Mini Assorted
28002,Gerbera Mini Lavender Pink Kimsey
55705,Gerbera Mini Pink Babble
43603,Gerbera Mini Pink Bellita
62901,Gerbera Mini Pink Bentley
59972,Gerbera Mini Pink Jacky
68790,Gerbera Mini Pink Juna
57378,Gerbera Mini Pink Love Me
68789,Gerbera Mini Pink-Hot Anna
55398,Gerbera Mini Pink-Hot Boost
42544,Gerbera Mini Pink-Hot Sympathy
62863,Gerbera Mini Pink Hot Wonderwal
25695,Gerbera Mini Purple Dolcetto
68789,Gerbera Mini Pink Hot Anna
55398,Gerbera Mini Pink Hot Boost
42544,Gerbera Mini Pink Hot Sympathy
62863,Gerbera Mini Pink Hot Wonderwal
25695,Gerbera Mini Purple Dolcetto
67266,Garden Rose White Cloud
53409,Gerpom Pink Terraupid
32385,Garden Rose Hot Pink Yves Piage
41199,Gladiolus Assorted 1 lora
57832,Gladiolus Assortedali
40741,Rose Gr Wasabi
60800,Gypsophila Excellence
21043,Gypsophila Excellence
29328,Gypsophila Excellence
60576,Gypsophila Excellence Pyg
29337,Gypsophila Excellence Pyg
32385,Garden Rose Hot Pink Yves Piage
21023,Gypsophila Million Star
17773,Gypsophila Million Star
21025,Gypsophila Million Star
17691,Gypsophila Wild Pearl
42528,Garden Rose Pink Keira
29327,Gypsophilaosmic
46980,Gypsophilaosmic
68896,Rose Pink Pinky Promise
54178,Rose Pch Shimmer
53473,Rose Pch Shimmer
30526,Rose Pch Shimmer
53474,Rose Pch Shimmer
67366,Rose Pch Shimmer
53475,Rose Pch Shimmer
40952,Garden Rose Gold Mustard
13030,Hydrangea Pink Crystal
37310,Garden Rose Pink Romantic
67417,Rose Lav Earl Grey
37158,Garden Rose Hot Pink Baronesse
37158,Garden Rose Hot Pink Baronesse
13030,Hydrangea Pink Crystal
52536,Rose Var Light Spirit
68638,Spray Rose Lav Portrait
56866,Spray Rose Yeloraora
30744,Rose Hot Pink Hot Lady
52566,Spray Rose Org Sensation
30744,Rose Hot Pink Hot Lady
58807,Spray Rose Pinkozumel
42520,Garden Spray White lanchest
13027,Hydrangea Tintedlue Light
40947,Rose Yellow Brighton
48892,Rose Yellow Brighton
20314,Rose Yellow Brighton
48893,Rose Yellow Brighton
54440,Rose Yellow Brighton
68636,Spray Rose Whitee Loyal
27220,Hydrangea White & Blue
43307,Hydrangea White & Blue
43478,Hydrangea White & Blue
51291,Hydrangea White & Blue
42063,Hydrangea White & Blue
27220,Hydrangea White & Blue
43307,Hydrangea White & Blue
43478,Hydrangea White & Blue
30960,Spray Rose Hot Pink Majolica
68827,Rose Pink Expression
28633,Rose Pink Expression
30960,Spray Rose Hot Pink Majolica
27220,Hydrangea White & Blue
43307,Hydrangea White & Blue
43478,Hydrangea White & Blue
51291,Hydrangea White & Blue
42063,Hydrangea White & Blue
57543,Spray Rose Org Royal Flash
17375,Hydrangea Green Mojito Select
43493,Hydrangea Green Mojito Select
17375,Hydrangea Green Mojito Select
43493,Hydrangea Green Mojito Select
23835,Rose White Tibet
66826,Rose White Tibet
23881,Rose White Tibet
40684,Rose White Tibet
24612,Rose White Tibet
30551,Rose White Tibet
54415,Rose White Tibet
39798,Rose White Tibet
66761,Rose White Tibet
30609,Rose White Tibet
54416,Rose White Tibet
20502,Spray Rose Yelril Star Lemon
30308,Rose Lavool Water
67382,Rose Lavool Water
30732,Rose Lavool Water
62189,Rose Lavool Water
30839,Rose Lavool Water
33879,Rose Lavool Water
51021,Rose Lavool Water
33702,Hydrangea Green Antique
31029,Spray Rose Orgabe
33702,Hydrangea Green Antique
30254,Spray Rose Yelabe
67057,Spray Rose White Majo
23551,Spray Rose White Majolika
23598,Spray Rose White Majolika
23575,Spray Rose White Majolika
52624,Spray Rose White Majolika
17363,Hydrangea Green Shamrock
53542,Hydrangea Green Shamrock
17363,Hydrangea Green Shamrock
53542,Hydrangea Green Shamrock
23589,Spray Rose Red Mikado
17363,Hydrangea Green Shamrock
53542,Hydrangea Green Shamrock
30249,Spray Rose Orgril Star
60925,Rose Hot Pinkherry-O
60925,Rose Hot Pinkherry-O
56806,Spray Rose Hot Pink Dril Star
29266,Spray Rose Red Dril Star
25800,Spray Rose Yelril Star
52442,Spray Rose Yellow Drill Star
56806,Spray Rose Hot Pink Drill Star
64136,Spray Rose Peach Apricot Dril Stars
34539,Spray Rose Peach Light Pink Dril Star
46836,Rose Brown Coffee Break
28306,Hydrangea Green Mini
51364,Hydrangea Green Mini
48987,Hydrangea Green Mini Mojito
12584,Hydrangea Green-Dark Mini
42065,Hydrangea Green-Dark Mini
56863,Spray Rose White Pascua
53781,Rose Var Paloma
25765,Hypericum Pink Ilusion m
30038,Spray Rose Red/Brg Rubicon
32269,Hypericum Grn Lucky Rom
46857,Rose Pink Secret Garden
46858,Rose Pink Secret Garden
36435,Hypericum Pch Mellow Rom
64128,Spray RoseYellowSomerset
53632,Spray Rose Lavender Ocean Milk
12280,Hypericum Pink Sweet Rom
46892,Rose Pink Priceless
28986,Rose Pink Priceless
17687,Hypericum Pink Light Lovely Rom
31879,Spray Rose Pink Assorted
17687,Hypericum Pink Light Lovely Rom
23576,Spray Rose Assorted
29014,Spray Rose Assorted
29314,Spray Rose Assorted
31613,Spray Rose Assorted m
65171,Sprose Assorted Luxeol. 10
31879,Spray Rose Pink Assorted
36487,Hypericum Green Jungle Roma
54821,Roserw Moab
64129,Spray Rose White Floreana
12182,Hypericumurg Rocky Rom
20397,Hypericum Red True Rom m
49545,Rose Var Wildcat
52270,Spray Rose White Swt Dream
41994,Spray Rose White Swt Dreams
52271,Spray Rose White Swt Dreams
68368,Hypericum Green Ilusion
58806,Spray Rose Cream New Moon
28789,Rose Pink Geraldine
46791,Rose Pink Geraldine
28771,Rose Pink Geraldine
30640,Rose Pink Geraldine
68370,Hypericum White Ilusion
54445,Roseream Soul
68706,Spray Rose Cream Champaign Majolika
53452,Rose Peach Coral Reef
49044,Spray Rose Sal Fibo Nautilis
45726,Spray Rose Pink Ginger
51229,Rose Var Raspberry Ice
68365,Hypericum Peach Ilusion
52440,Spray Rose Yellow Fibonacci Gioconda
28271,Hypericum Assorted
28281,Hypericum Assorted
50502,Hypericum Green lora
50503,Hypericum Red Dark Blue lora
68361,Hypericum Red Ilusion
62858,Spray Rose Red Hot Desire
50501,Hypericum Red lora
50503,Hypericum Red Dark Blue lora
46848,Rose YellowTurtle
46849,Rose YellowTurtle
36434,Hypericum White Cool Rom
52438,Spray Rose Pink Green Fibonacci
52439,Spray Rose Pink Green Fibonacci
62021,Spray Rose White Snoflake
30211,Spray Rose White Snowflake
65412,Spray Rose White Snowflake
65667,Spray Rose White Snowflake
41965,Iris Assorted
35583,Iris White Casablanca
30399,Rose Var Cherry Brandy
51084,Rose Var Cherry Brandy
30736,Rose Var Cherry Brandy
64127,Spray Rose Pink Elba
67445,Rose Pink Jessika
52873,Rose Pink Jessika
67446,Rose Pink Jessika
52874,Rose Pink Jessika
27796,Laceflower White Queen Anne's
55444,Lily Hybrid White Santander
55445,Lily Hybrid White Santander
21063,Laceflower Green Mist
67023,Spray Rose Peach Aureus
40702,Spray Rose Peach Aureus
49020,Spray Roseream Wink
26399,Rose White Assorted
52257,Spray Rosereamreta
57932,Lily Hybrid Pink Stargazer
23469,Rose Pink Assorted
26203,Rose Pink Assorted
25922,Rose Lavender Assorted
40865,Rose Lavender Assorted
53848,Lily Yellow Pavia
55852,Lily Yellow Pavia
54157,Lily White Richmond
34548,Spray Rose Lavender Silver Milk
64145,Spray Rose Lavender Silver Milk
30623,Rose Hot Pink Full Monty
30622,Rose Hot Pink Full Monty
52430,Rose Hot Pink Full Monty
30623,Rose Hot Pink Full Monty
30622,Rose Hot Pink Full Monty
52430,Rose Hot Pink Full Monty
23421,Rose Assorted
37805,Rose Assorted
48602,Rose Assorted
23480,Rose Assorted
51056,Rose Assorted
25804,Rose Assorted
29003,Rose Assorted
51216,Rose Assorted
25922,Rose Lavender Assorted
40865,Rose Lavender Assorted
23469,Rose Pink Assorted
26203,Rose Pink Assorted
26399,Rose White Assorted
29959,Rose Peach Phoenix
53759,Rose Peach Phoenix
26371,Rose Peach Phoenix
54155,Lily Pink Albufeira
68637,Spray Rose Peach apricorn
40146,Lily Pink Brindisi
53853,Lily Pink Brindisi
55781,Lily Org Honesty
68747,Rose Pink Cold Brew
28592,Spray Rose Lavender Moon
42978,Lily Hyb White Helvetia
49958,Spray Rose Hot Pink
55450,Lily Hybrid Pink Star/Para
55451,Lily Hybrid Pink Star/Para
64122,Spray Rose Pink Phuket
62022,Rose Peach Tiffany
62118,Rose Peach Tiffany
48932,Rose Peach Tiffany
62219,Rose Lavender Assorted
57652,Lily White Courier
49958,Spray Rose Hot Pink Gem Star
33583,Rose Vararista
68634,Spray Rose Pink Sft Pink Follies0
64126,Spray Rose Peach Aby
57657,Lily Hybrid Pink Starfighter
52696,Lily Hybrid Pink Starfighter
57020,Rose Toffee
48144,Rose Toffee
52403,Spray Rose Cream Sahara Sensation
67032,Spray Rose Pink Majolica
23582,Spray Rose Pink Majolica
49136,Spray Rose Pink Majolica
52612,Spray Rose Pink Majolica
49964,Garden Spray Rose Loli x6st
23521,Spray Rose Htpk L Lydia
23520,Spray Rose Htpk L Lydia
62238,Lily Assorted Asiactic/LA
29158,Lily Assorted
17710,Lily Assorted
25714,Lily Assorted
49229,Lily Assorted
35410,Lily Assorted LA/ Asiatic Mex
52586,Rose Pink Expression
68828,Rose Pink Expression
52587,Rose Pink Expression
23521,Spray Rose Htpk L Lydia
23520,Spray Rose Htpk L Lydia
57668,Lily Hyb Pnk Sorbonne
34824,Lily Hyb White Siberia
27668,Spray Rose Pink Starlush
61068,Spray Rose Pink Starlush
24358,Rose Lav Moodylues
23555,Spray Rose Pch Ilse
53851,Lily Pch Salmonlassic
68104,Lily White Litouwen
52708,Lily White Litouwen lor
52262,Spray Rose Pinke Loving
52263,Spray Rose Pinke Loving
34102,Lily Hyb White Saronno lor
64149,Spray Rose Pchali
27552,Rose Lav Ocean Song
24043,Rose Lav Ocean Song
43824,Rose Lav Ocean Song
51367,Roseream de laream
30636,Roseream de laream
57646,Lily Yelloweau Soleil
25587,Lily Org Puma
26407,Lily Hyb Pnk Table Dance
52545,Rose Yelumblebee
52396,Rose Yelumblebee
65350,Rose Red Hearts
49086,Rose Red Hearts
57041,Rose Red Hearts
52712,Lily Pink Indian Summerset
24460,Rose Pink Frutetto
57672,Lilyonca D'Or
57673,Lilyonca D'Or
68166,Lily Hyb White Zambesi
36841,Rose Var Wild Spirit
33110,Lily Whiteach
55782,Lily Org Eremo
51326,Rose Pink Garden Spirit
51325,Rose Pink Garden Spirit
30664,Rose White Aspen
54968,Rose Hot Pink Pink
68068,Lily Orange Talisker
57638,Lily Hyb White Tisento lor
54968,Rose Hot Pink Pink
69276,Rose Org Joy
68892,Rose Hot Pink Tina
68893,Rose Hot Pink Tina
68892,Rose Hot Pink Tina
68893,Rose Hot Pink Tina
34935,Lily Org Tressor
52719,Lily Org Tressor lora
57927,Lily Hyb White Premiumlonde 2b
48793,Lily Hyb White Premiumlonde
21179,Limonium White Diamond
21178,Limonium Pink Sinensis
24046,Rose Lav Amnesia
48118,Rose Lav Amnesia
29411,Limoniumlue Maine
32957,Limonium White Misty
60589,Limonium White Misty
21181,Limonium White Misty
68685,Rose Lavool Down
58837,Lisianthushampagne Voyage0
21186,Limoniumlue Misty
32956,Limoniumlue Misty
21185,Limoniumlue Misty
23755,Rose White Vendela
24061,Rose White Vendela
23838,Rose White Vendela
24654,Rose White Vendela
24914,Rose White Vendela
30769,Rose White Vendela
51315,Rose White Vendela
24647,Rose White Vendela
51066,Rose White Vendela
30841,Rose White Vendela
25164,Rose White Vendela
51047,Rose White Vendela
20343,Rose Var Sweetness
62888,Mum Spider Purple
38502,Mum Spider Assorted lora
21991,Mum Spider Assorted
50012,Mum Spider Lavender Anas l
22000,Mum Spider Lavender
52321,Rose Pink Miss Piggy
52322,Rose Pink Miss Piggy
30409,Rose Pink Faith
20326,Rose Pink Faith
52002,Rose Peach Felicity
68901,Rose Peach Felicity
33731,Rose White Polar Star
37374,Mum Spider White
52682,Mum Spider White Anastasia
62886,Mum Spider White Yazoo
21963,Mum Spider White Yazoo
24690,Sweetheart Rose White Eskimo
50737,Mum Disbud Anem. Marshmllw
51814,Mum Disbud Red Testarosa
59037,Mum Disbud Salmon Aljonka
50013,Mum SpiderYellowAnas lra
21988,Mum Spider Yellow
62887,Mum Spider Yellow
21943,Mum Spider Yellow Anastasia
21964,Mum Spider Yellow Anastasia
59464,Mum Disbudreamaffe Latte
46971,Mum Spider Green
62841,Mum Spider Green
37301,Mum Spider Green Dark
49397,Mum Disall Purple Aragon
59326,Mum Disall Purple Gustav
59577,Mum Disall Purple Gustav
57933,Mum Disbud Purple Andrea
59332,Mum Disbud Purple Gaviria
62892,Mum Disbud Purple Tornado
49398,Mum Disall Pinkonbonm
59324,Mum Disall Pink Etnarazuca
50737,Mum Disbud Anem. Marshmllw
50641,Mum Disbud Pink Rossano
24967,Sweetheart Roseream Medeo
59146,Mum Disall Yellow Paladov
65787,Mum Disall Yellow Paladov
59211,Mum Disbud Pasion d Almndra
51799,Mum Disbud Yellow
59322,Mum Disall Pch Sorbeterry
58282,Mum Disbud Peach
59035,Mum Disbud Peach Linette
59037,Mum Disbud Salmon Aljonka
57134,Mum Disall Assorted
21971,Mum Disbud Assorted
21950,Mum Disbud Assorted
60557,Mum Disbud Assorted Seasonal
50807,Mum Disall Lavender Mochim
49398,Mum Disall Pink Bonbon
52136,Mum Disbud Lavandy Floss
59336,Mum Disbud Lavender Lotus
50831,Mum Disbud Rossano Dark
30883,Sweetheart Rose Pink Esther
62894,Mum Disbud Rossano Charlot
59211,Mum Disbud Pasion d Almndra
59327,Mum Disall White Evidence
60967,Mum Disall White Zonarem
50959,Mum Disall White Superbowl
54730,Mum Disbud White Arctic Queen
54694,Mum Disbud White Arctic Queen
49581,Mum Disbud White Arctic Queen
62889,Mum Disbud White Chita
57127,Mum Disbud White Magnum
62890,Mum Disbud White Magnum
21933,Mum Disbud White Maisy
59018,Mum Disbud White Tatto
50842,Mum Disbud White Tatto